J1,J2,J3,J4,J5,J6,J7,J8,J9,J10,J11,J12,J13,J14,J15,J16,J17,J18,J19,J20,J21,J22,J23,J24,J25,J26,J27,J28,J29,SAMPLE 
6,7,9,7,6,6,6,8,6,5,6,9,5,2,8,6,6,5,6,6,5,6,6,7,6,8,6,8,9,12703
4,4,4,4,4,3,4,4,3,4,5,6,5,4,3,4,5,3,3,6,2,4,4,4,4,4,2,4,4,12703
5,5,3,4,3,6,6,5,4,5,5,5,5,4,6,5,2,5,5,4,4,5,4,5,6,4,5,5,5,12703
8,7,7,7,8,7,8,8,7,8,9,6,9,9,7,7,9,7,7,8,8,8,7,6,7,6,7,8,6,12703
5,3,5,7,4,6,6,4,6,6,8,4,6,8,6,6,4,6,4,4,6,6,4,5,6,4,7,4,5,12703
6,6,6,5,8,7,6,6,7,7,8,7,6,8,6,7,5,7,7,6,7,7,7,6,8,6,4,11,6,12703
7,5,5,5,6,6,7,6,5,4,5,5,5,3,7,5,8,6,6,6,6,5,3,5,5,6,4,6,6,12703
8,10,8,9,7,10,11,7,9,7,8,8,11,11,8,11,6,10,10,6,9,10,10,8,11,9,11,6,7,12703
5,6,4,3,6,4,6,4,5,5,3,4,5,5,7,5,3,6,6,5,2,4,5,5,6,5,2,4,3,12703
4,4,5,7,4,1,3,2,5,1,1,6,2,6,5,3,6,2,1,1,4,1,2,4,1,4,1,3,3,12703
8,11,9,9,9,9,9,7,8,7,9,9,9,11,9,9,8,10,10,11,10,9,8,8,9,9,10,8,7,12703
11,9,11,9,9,11,11,7,11,8,9,11,10,8,9,10,8,11,11,6,9,9,11,8,11,10,10,6,7,12703
6,3,5,3,4,5,5,4,5,3,4,3,5,6,5,2,4,4,3,3,3,4,4,2,4,3,5,5,3,12703
3,5,5,3,5,4,4,4,5,6,4,5,5,5,3,4,7,5,5,5,1,5,5,4,4,2,3,3,5,12703
5,6,6,5,6,6,7,7,6,6,7,5,6,5,6,7,8,6,5,6,7,6,6,6,7,6,6,6,6,12703
5,5,7,5,6,6,5,8,6,4,7,7,6,7,6,6,10,5,7,4,7,7,5,6,6,6,8,7,6,12703
6,6,4,5,5,6,7,6,4,5,5,5,6,4,6,5,6,6,4,4,5,5,5,5,5,4,6,5,6,12703
6,4,4,4,5,4,5,3,4,4,4,3,4,4,3,4,6,3,5,5,3,4,3,3,4,4,3,4,5,12703
1,4,5,3,3,6,4,7,5,6,6,5,5,8,5,5,3,4,5,3,6,6,4,5,6,5,6,6,5,12703
3,4,3,4,5,5,4,5,5,6,5,4,7,4,2,4,4,4,4,3,6,5,4,4,5,3,4,4,2,12703
6,8,11,5,7,7,6,7,7,8,6,7,8,7,7,7,6,6,7,7,7,7,7,7,6,5,3,9,6,12703
7,5,5,7,6,6,5,6,6,6,5,5,7,6,8,6,7,6,7,8,6,5,7,6,7,8,4,7,7,12703
4,7,6,3,6,5,4,5,5,6,6,4,7,6,4,4,5,7,5,9,6,6,5,6,4,5,7,3,5,12703
7,8,8,8,10,9,9,9,7,10,7,10,9,7,9,9,7,8,8,10,8,9,8,9,7,10,8,7,7,12703
5,6,5,6,6,6,5,5,7,7,7,4,7,9,6,6,2,6,6,7,7,7,5,5,6,6,7,6,6,12703
5,1,3,7,2,1,2,1,3,2,2,2,1,6,3,2,5,1,1,2,4,2,2,3,2,1,5,2,4,12703
7,6,6,7,10,8,10,9,7,9,7,9,7,7,11,8,8,7,7,9,6,7,9,10,8,11,9,9,8,12703
5,6,6,7,6,6,5,6,7,7,7,5,6,8,5,6,5,6,6,6,7,6,6,5,6,6,6,11,6,12703
10,8,7,8,7,8,7,9,8,7,11,8,7,7,7,8,9,8,8,7,8,8,7,7,8,7,7,8,9,12703
8,7,8,7,11,8,8,8,8,8,11,7,8,7,7,7,9,8,7,8,7,7,7,7,7,7,8,7,9,12703
4,5,5,6,6,6,6,4,6,6,7,4,7,9,6,6,3,5,6,7,6,6,5,5,6,6,8,6,5,12703
6,4,3,5,4,4,4,1,4,3,2,3,2,6,5,4,4,2,3,3,3,3,3,3,2,3,5,3,4,12703
3,3,4,1,4,3,6,3,4,5,3,6,6,6,1,5,2,3,2,5,4,5,4,4,3,3,5,1,3,12703
9,9,7,9,7,9,6,6,9,7,8,8,9,7,8,9,7,10,9,5,11,9,10,9,10,7,11,8,7,12703
6,6,5,4,7,6,8,4,6,6,5,5,5,5,4,6,6,7,5,7,6,5,6,4,6,4,3,4,6,12703
8,7,7,8,7,7,8,10,7,7,6,7,6,4,7,8,7,8,7,5,7,7,9,10,8,7,6,7,7,12703
4,3,1,5,2,4,1,3,2,3,4,2,3,6,3,3,6,2,3,2,3,3,3,2,3,5,6,5,5,12703
3,4,2,1,4,4,4,2,4,5,4,4,4,6,1,3,1,6,5,5,5,5,5,4,4,4,5,2,1,12703
3,2,3,2,3,2,4,2,4,5,6,2,6,5,2,3,3,4,4,5,5,5,4,5,5,3,5,4,4,12703
6,5,6,5,5,5,4,6,5,4,7,5,5,4,5,6,6,5,7,4,5,6,6,4,6,6,7,7,8,12703
7,8,8,8,8,7,7,8,8,11,7,7,7,9,7,8,6,8,8,7,8,8,7,9,8,7,7,9,8,12703
4,3,4,4,3,2,5,3,3,4,3,5,5,3,2,4,5,3,3,4,4,3,3,5,5,3,2,3,4,12703
6,5,4,6,5,5,6,5,4,4,5,4,5,4,4,5,4,4,5,4,5,5,6,5,5,6,5,5,3,12703
9,11,9,8,8,9,9,9,9,7,8,8,9,10,8,10,7,9,10,9,9,9,8,8,9,9,9,8,7,12703
10,9,8,7,8,10,9,7,9,9,8,8,10,9,8,10,7,9,9,9,9,8,10,8,9,9,7,7,8,12703
4,6,6,6,6,6,6,7,6,7,10,5,6,8,6,7,7,6,7,6,8,8,5,7,6,7,7,10,6,12703
5,6,2,4,5,5,6,5,5,5,4,5,4,3,5,6,5,5,6,5,5,4,6,3,5,6,4,7,5,12703
7,6,5,7,7,8,7,7,7,6,6,7,5,4,7,6,7,6,8,5,6,6,8,7,7,7,3,6,7,12703
5,5,5,4,2,6,3,3,4,6,5,4,4,6,3,3,3,5,4,6,5,6,4,6,4,4,5,5,2,12703
2,5,5,6,5,3,5,3,5,1,1,6,3,6,5,5,7,1,3,2,3,2,2,1,3,6,6,4,5,12703
7,7,9,6,10,7,8,8,7,8,8,9,8,5,7,8,5,7,7,7,7,7,9,11,7,9,8,6,10,12703
8,7,10,6,7,8,8,8,8,4,6,10,6,4,5,7,7,6,6,6,6,6,8,7,6,9,7,6,11,12703
3,4,4,5,4,4,4,5,5,3,5,4,7,6,4,2,4,3,4,3,4,4,3,3,3,2,3,4,3,12703
7,3,2,3,4,3,5,5,2,4,2,6,4,6,4,4,4,4,2,7,1,4,5,6,3,5,3,3,1,12703
5,4,6,7,6,4,6,4,1,5,3,6,4,6,5,5,8,5,5,8,5,5,6,5,4,5,5,5,4,12703
3,2,1,5,1,5,5,3,3,4,6,3,3,3,4,3,3,3,4,5,4,4,3,1,3,1,6,4,3,12703
4,2,6,3,3,6,3,6,4,6,6,5,4,7,6,5,1,4,5,4,6,6,4,4,5,4,5,4,6,12703
8,7,8,9,8,9,9,6,11,8,8,8,11,10,8,11,10,9,9,8,11,11,8,8,9,9,9,6,8,12703
7,8,7,7,9,7,7,7,8,9,9,7,7,7,8,7,5,7,8,8,7,7,7,8,8,7,4,10,9,12703
5,1,5,6,5,2,3,4,5,2,3,6,3,5,7,1,7,3,4,1,3,1,1,2,1,6,5,5,4,12703
2,6,6,6,5,3,2,5,2,3,4,3,3,2,6,4,5,5,3,4,3,3,5,3,3,5,6,2,4,12703
6,6,6,5,7,7,6,7,8,7,7,7,6,7,7,7,8,6,6,7,7,7,7,6,8,6,6,10,6,12703
4,7,7,5,5,5,5,6,5,6,6,6,7,5,4,5,5,5,5,6,6,6,5,4,5,5,8,6,6,12703
5,3,5,4,5,3,3,5,3,5,3,6,3,6,5,5,4,4,5,5,4,3,6,6,5,5,6,5,4,12703
4,6,6,6,5,4,3,5,6,3,5,6,1,1,4,6,4,4,4,5,4,4,6,5,5,6,6,5,5,12703
7,8,8,6,11,8,10,9,7,9,8,9,8,5,10,7,9,7,8,7,7,7,7,11,7,10,4,9,8,12703
1,4,4,7,3,3,1,5,1,2,3,1,3,2,4,1,6,4,2,4,2,2,1,3,2,3,1,1,4,12703
7,6,6,6,6,5,6,5,6,6,4,7,7,3,6,6,5,5,6,6,5,3,6,6,5,5,4,5,5,12703
5,5,3,4,4,4,2,4,3,5,5,3,4,5,3,3,4,5,4,3,4,5,5,6,4,5,6,6,5,12703
8,6,6,6,6,8,8,8,6,6,5,6,5,5,10,5,9,7,8,9,5,5,7,7,7,7,5,8,6,12703
8,8,7,8,9,7,8,6,8,7,9,6,9,8,5,7,6,7,7,10,8,8,7,6,7,7,7,8,11,12703
7,8,8,8,8,7,5,8,7,10,9,8,7,7,9,8,8,8,8,8,8,8,8,8,9,8,8,8,8,12703
11,10,9,11,7,11,9,6,10,8,10,11,10,7,7,9,8,11,11,8,9,10,11,8,10,8,9,7,7,12703
6,7,7,5,5,7,6,9,6,4,6,6,6,5,6,6,5,6,6,5,6,6,6,7,6,8,4,5,7,12703
10,7,9,10,9,7,7,11,9,9,7,10,7,7,10,8,11,8,8,8,8,8,9,9,8,8,8,7,9,12703
6,7,6,6,6,5,7,6,6,5,4,7,4,6,8,5,9,7,7,9,5,5,6,8,5,5,5,5,4,12703
7,9,10,8,7,7,7,11,8,8,7,8,8,7,7,8,11,7,6,9,8,8,9,9,7,8,8,9,8,12703
5,5,4,4,3,5,3,5,3,5,5,1,4,3,4,4,4,7,5,7,5,3,5,5,4,5,4,5,5,12703
7,8,8,8,8,8,8,7,8,11,7,7,6,9,6,7,6,8,7,11,8,8,7,7,7,7,7,9,10,12703
9,10,8,9,8,8,8,8,8,8,9,8,6,7,8,9,6,9,9,6,8,9,9,9,9,8,7,7,7,12703
7,7,8,8,7,8,8,10,6,9,6,7,7,5,11,7,6,7,8,7,7,7,8,10,7,11,8,9,8,12703
6,5,7,6,6,5,5,6,7,6,6,9,6,4,5,6,10,5,6,6,6,7,5,6,6,5,6,6,8,12703
2,4,3,2,1,4,5,4,4,5,4,3,5,5,4,4,3,5,4,4,4,4,4,4,4,2,5,3,2,12703
9,8,9,10,8,10,10,7,10,8,10,7,9,8,8,9,7,9,9,7,10,11,8,8,7,8,9,7,7,12703
8,8,7,7,7,7,7,7,7,7,6,5,8,5,5,7,8,8,7,7,6,6,7,7,8,7,8,6,9,12703
9,7,7,11,9,8,7,9,9,9,7,7,8,8,9,8,9,8,8,8,7,7,9,9,8,8,7,8,9,12703
6,5,6,6,4,5,5,6,6,3,5,6,2,1,7,6,6,6,6,5,5,4,6,7,5,6,4,6,6,12703
8,9,7,10,9,9,9,10,9,10,6,8,8,9,9,9,7,8,9,10,9,10,8,7,9,7,7,8,7,12703
4,5,4,2,5,5,4,5,5,5,4,4,4,3,6,5,5,4,5,3,5,6,6,6,5,4,6,5,5,12703
9,9,7,9,8,9,7,7,10,8,8,8,8,10,9,8,7,9,9,6,10,8,8,7,10,7,9,7,7,12703
9,7,7,8,7,7,7,8,6,7,8,9,8,8,5,7,8,9,6,7,9,9,7,7,7,8,9,7,8,12703
6,9,10,5,7,5,7,6,7,7,7,6,8,8,6,8,5,7,6,8,7,7,6,6,8,7,10,7,10,12703
4,1,4,2,3,5,4,3,5,5,5,3,2,2,3,4,3,5,5,3,3,6,4,4,5,3,7,6,3,12704
4,6,3,7,5,3,6,5,5,5,6,5,3,3,4,3,4,4,5,7,6,5,1,4,5,6,6,5,2,12704
9,11,9,8,8,10,8,9,11,9,9,7,10,9,8,10,10,11,9,6,11,10,10,9,11,10,11,9,11,12704
10,7,9,8,8,8,8,8,8,8,7,9,8,5,8,8,6,9,8,8,7,9,4,4,7,8,8,8,9,12704
7,10,10,11,10,8,10,11,8,10,11,9,8,10,10,9,7,10,10,11,8,11,9,9,10,9,10,10,11,12704
3,4,6,5,5,3,2,2,1,1,2,5,5,6,3,4,4,1,4,1,3,2,6,2,1,2,2,2,5,12704
6,6,5,6,7,8,8,6,6,6,5,7,6,5,7,7,6,6,8,5,5,6,6,7,6,7,7,6,6,12704
6,7,3,7,6,6,7,6,6,7,6,5,6,8,5,6,6,6,7,6,8,7,5,8,7,7,8,6,6,12704
4,7,8,8,7,5,7,8,7,5,8,6,7,1,7,5,4,7,6,7,7,7,3,6,7,7,7,6,7,12704
4,5,5,5,2,4,4,4,2,3,3,6,5,6,5,5,6,2,3,5,3,3,6,6,4,4,3,3,5,12704
5,9,8,7,9,8,8,8,7,8,8,8,8,4,6,6,7,9,6,7,9,8,8,5,8,9,6,8,8,12704
4,4,4,6,5,1,5,5,3,6,5,6,1,5,4,3,6,5,1,8,6,3,5,8,5,4,6,4,4,12704
3,3,4,5,3,3,3,6,2,4,3,2,4,6,5,1,4,4,1,4,4,4,6,5,4,1,5,1,7,12704
4,5,5,5,3,3,2,2,6,3,1,5,5,6,3,4,6,2,2,3,1,2,7,2,3,3,1,3,5,12704
5,3,1,4,4,5,4,4,5,6,6,5,2,4,5,4,4,4,6,5,6,6,2,4,6,5,4,4,3,12704
6,7,7,3,6,5,7,7,6,7,6,4,4,10,5,5,6,7,7,6,7,8,3,5,6,7,8,8,7,12704
6,6,3,6,7,5,8,8,6,8,7,9,8,1,7,5,5,9,6,7,10,7,7,6,7,6,8,6,3,12704
5,7,7,4,6,7,5,7,5,5,6,4,8,8,6,8,4,6,7,6,9,7,8,5,7,7,7,6,7,12704
5,6,2,3,4,8,6,8,5,6,8,7,4,7,6,4,4,6,5,5,6,7,5,3,7,5,8,6,6,12704
5,5,3,3,4,4,5,4,4,6,6,4,4,5,5,6,4,5,4,4,4,5,5,4,6,3,5,4,3,12704
10,9,9,9,9,9,9,9,9,9,8,10,9,5,11,7,11,8,9,10,6,9,9,10,9,8,9,11,9,12704
6,7,6,6,7,7,5,8,8,4,7,7,6,7,8,7,9,8,8,6,5,4,9,9,6,8,5,8,7,12704
6,3,5,4,5,6,6,5,4,5,5,5,7,7,4,6,5,5,5,4,5,5,5,3,5,4,3,5,6,12704
3,5,6,5,4,6,6,2,3,2,3,5,6,6,7,6,6,4,3,3,2,5,7,6,2,4,3,5,6,12704
5,2,4,4,1,4,4,6,4,5,4,4,5,4,4,4,3,5,5,6,3,4,5,7,6,6,5,5,4,12704
5,6,2,4,7,6,6,6,9,8,7,6,5,8,4,6,7,6,6,6,7,6,7,7,7,6,6,6,6,12704
1,3,6,3,1,6,1,1,3,5,4,2,7,5,2,3,3,2,4,2,4,5,5,5,3,4,5,4,5,12704
7,6,7,6,5,4,7,6,5,5,7,4,3,4,5,6,5,7,5,8,6,6,4,6,7,6,6,6,6,12704
5,7,8,6,7,7,7,7,8,7,7,5,7,3,4,5,3,7,6,8,7,8,8,3,7,8,6,7,8,12704
9,10,8,9,10,10,11,10,9,10,9,7,8,9,10,9,10,9,9,8,8,10,8,9,9,9,9,9,8,12704
1,3,4,1,5,1,2,3,3,5,4,1,3,5,1,1,1,3,4,2,4,4,5,5,4,1,4,1,3,12704
4,1,4,2,4,4,5,6,4,4,5,5,3,8,3,2,4,4,5,5,5,5,5,6,5,4,5,4,3,12704
9,8,9,9,8,7,8,7,8,10,7,7,6,8,5,10,7,7,7,8,9,8,3,7,8,8,7,8,8,12704
6,4,6,5,5,7,7,5,3,4,5,5,5,6,6,7,6,5,4,7,5,6,6,6,4,6,4,5,5,12704
8,7,9,8,9,4,9,7,6,11,6,9,8,8,5,10,5,6,6,8,8,8,3,5,5,9,6,7,8,12704
7,7,2,4,5,5,5,5,5,6,6,3,7,8,4,5,3,5,7,8,6,6,3,5,7,7,7,6,5,12704
7,4,3,6,5,5,5,5,5,6,6,4,6,4,5,6,5,4,5,5,6,6,4,3,6,5,6,4,4,12704
5,5,5,7,5,5,5,4,6,6,5,5,6,7,6,6,5,5,5,3,5,5,6,6,5,5,4,5,6,12704
2,3,4,1,2,3,4,4,4,5,5,1,3,3,2,3,1,3,4,4,5,5,4,3,4,2,4,3,2,12704
7,6,6,4,6,5,6,6,5,7,7,4,4,5,6,4,3,6,7,7,7,7,4,8,6,5,7,5,5,12704
6,7,7,7,6,7,5,7,7,6,8,7,6,7,8,8,9,7,8,5,6,5,8,9,6,8,6,7,7,12704
9,9,7,11,8,8,9,8,8,8,7,8,9,4,9,7,8,8,6,10,7,8,8,7,8,8,9,8,9,12704
7,6,8,8,6,5,9,6,6,7,6,5,4,4,6,6,5,6,6,9,7,6,4,7,6,7,8,6,7,12704
8,7,6,4,8,7,7,6,5,6,6,8,9,5,9,7,5,8,6,7,6,7,5,5,7,7,6,7,8,12704
7,8,7,8,7,8,7,8,7,7,9,6,7,3,8,8,9,9,10,7,9,8,8,8,9,9,7,9,8,12704
8,5,8,5,5,4,6,5,7,4,3,6,6,6,8,5,10,5,2,5,2,3,7,7,2,4,3,5,5,12704
3,2,4,2,3,2,3,3,5,5,5,3,4,2,2,2,2,3,5,5,4,5,4,1,5,2,4,3,1,12704
8,6,6,6,6,6,5,5,4,4,4,6,5,7,6,5,7,5,3,4,3,3,6,5,4,5,2,7,4,12704
7,8,7,7,8,8,7,8,9,8,10,8,7,9,8,8,6,8,7,9,10,9,9,8,9,9,9,8,10,12704
5,4,5,5,4,6,3,5,7,3,3,6,5,6,5,5,8,4,4,4,5,3,7,3,4,5,2,5,4,12704
2,9,11,10,11,11,11,11,11,11,9,11,11,9,11,11,11,10,10,11,7,11,9,11,11,10,11,11,10,12704
6,5,6,7,6,5,5,7,8,3,4,8,6,7,9,7,8,7,8,5,4,4,7,5,5,6,5,7,5,12704
4,4,5,4,4,4,4,5,7,2,4,7,4,7,6,5,7,3,3,3,2,4,5,2,5,4,3,4,5,12704
8,8,11,6,8,9,8,9,10,7,9,8,10,7,7,9,7,10,8,4,8,6,11,8,9,10,7,9,9,12704
2,2,4,3,3,2,3,3,4,5,5,2,1,3,1,2,2,3,4,5,5,5,3,1,4,3,5,3,1,12704
5,4,6,6,4,6,6,4,4,6,5,4,6,3,4,6,6,5,5,4,6,6,5,6,5,5,5,5,6,12704
8,11,10,9,10,9,7,10,10,8,9,8,9,9,9,9,9,8,9,8,8,8,9,8,10,11,9,10,8,12704
3,5,3,3,5,4,4,5,5,7,6,3,4,8,3,4,2,5,6,7,8,6,2,4,6,5,7,4,2,12704
6,7,5,7,6,5,5,6,7,6,5,6,6,7,9,6,8,7,8,7,4,4,6,7,6,6,5,6,4,12704
7,8,7,7,6,6,7,7,6,6,7,6,7,4,7,7,9,8,9,6,7,6,8,7,8,6,6,8,7,12704
4,4,5,5,3,3,3,3,4,4,3,6,5,6,7,3,7,4,2,6,4,3,6,4,3,3,4,3,4,12704
6,5,6,6,6,6,6,4,6,1,2,8,7,6,7,7,9,6,7,4,6,1,7,6,1,6,1,5,7,12704
8,6,6,6,7,7,6,6,7,3,6,9,7,7,7,8,8,7,8,6,4,5,7,7,5,6,5,7,6,12704
7,8,8,7,7,7,6,6,7,7,8,6,2,11,5,7,6,6,7,7,9,7,8,7,8,5,8,6,4,12704
7,8,1,7,7,7,6,7,6,7,8,3,7,8,6,8,5,7,7,5,8,7,2,8,7,7,7,7,6,12704
6,6,6,7,6,6,7,7,6,7,7,7,5,4,7,7,7,6,6,7,6,7,6,5,6,6,7,7,7,12704
9,8,8,8,8,8,8,10,7,8,8,7,8,2,7,7,7,7,7,9,7,9,7,8,8,7,8,9,10,12704
2,8,9,9,9,9,10,9,10,9,10,11,8,5,9,11,8,9,11,6,8,9,11,11,8,8,8,8,9,12704
10,9,10,10,11,11,8,9,9,9,11,7,9,9,10,9,8,11,11,10,11,8,10,10,10,11,10,10,8,12704
8,9,7,10,9,9,9,7,8,8,7,10,11,5,8,8,8,8,9,9,7,10,10,10,8,7,9,9,9,12704
9,5,7,6,6,7,4,4,2,4,4,9,5,6,6,5,5,6,5,6,5,7,6,6,3,4,6,4,7,12704
8,6,7,8,7,7,6,5,7,7,4,10,7,7,7,8,8,6,8,6,5,4,6,6,4,5,5,7,6,12704
5,4,5,5,2,2,4,3,3,4,4,3,3,5,3,3,5,3,4,2,5,4,6,4,3,5,3,2,4,12704
7,10,8,9,8,9,9,9,9,9,10,7,9,11,8,9,7,7,7,9,10,9,4,9,9,8,10,7,6,12704
3,5,5,5,4,6,1,1,1,2,2,4,6,6,4,5,6,1,3,1,1,2,7,4,2,6,4,2,5,12704
2,5,5,5,7,6,3,4,6,3,1,6,5,6,6,4,5,4,3,3,3,1,7,7,3,3,4,5,5,12704
8,6,7,8,9,10,10,7,8,9,8,8,10,10,6,6,7,8,6,9,9,7,1,6,8,7,9,7,7,12704
5,1,4,1,3,5,4,4,5,6,4,7,3,5,4,4,3,3,4,3,5,4,4,5,5,2,5,3,5,12705
5,4,4,2,2,3,3,4,5,5,4,3,3,5,2,3,2,3,4,4,5,4,4,8,5,4,4,3,3,12705
6,7,6,8,8,6,7,7,7,8,6,7,7,1,7,7,7,6,7,8,8,9,7,6,7,7,9,7,7,12705
3,6,5,5,4,2,6,5,5,5,6,6,6,4,6,2,4,6,5,6,5,4,6,4,4,7,3,5,4,12705
3,4,3,5,5,5,5,4,6,7,5,3,4,7,3,4,4,2,4,5,5,5,4,5,6,4,6,4,3,12705
6,8,7,9,8,7,9,7,9,7,8,7,8,11,8,9,6,6,7,9,8,7,9,7,8,7,7,6,6,12705
7,7,8,9,7,7,8,7,9,8,9,7,9,9,6,8,7,8,8,10,10,8,8,7,9,9,7,7,8,12705
9,8,7,7,9,8,8,8,8,8,7,8,8,7,10,7,7,9,10,7,7,7,7,9,7,9,6,8,8,12705
8,8,9,8,9,10,8,8,8,10,9,8,8,8,7,10,9,9,7,9,9,8,8,8,8,9,8,8,8,12705
5,5,6,7,6,6,5,6,6,7,5,4,4,8,5,6,6,4,6,6,7,6,7,6,7,6,8,5,7,12705
6,5,7,5,6,6,4,6,6,6,7,5,5,2,5,7,5,5,7,8,7,5,6,7,7,6,8,6,5,12705
6,5,7,8,7,7,7,7,7,6,7,5,7,9,6,7,5,6,7,7,8,7,7,7,7,7,7,6,7,12705
8,7,7,5,6,7,5,8,6,6,8,7,6,2,6,7,6,6,7,5,7,6,6,7,6,6,7,7,8,12705
6,3,4,2,3,3,1,5,4,4,5,5,2,5,4,4,5,3,4,4,4,3,4,5,5,3,6,5,5,12705
8,9,9,9,9,8,7,9,8,7,9,8,9,8,9,8,9,9,10,8,8,7,7,8,8,10,11,9,9,12705
4,4,2,6,4,6,5,3,3,3,4,2,5,6,5,4,6,5,3,4,3,3,4,3,3,3,5,5,6,12705
6,6,6,6,7,6,7,1,4,1,3,6,6,6,7,6,6,7,8,3,1,6,5,1,2,5,3,5,4,12705
5,6,4,5,5,5,5,5,5,5,5,6,6,4,5,5,4,6,5,5,6,4,6,6,5,7,5,5,6,12705
4,7,5,6,5,3,6,5,6,5,5,6,6,4,5,5,7,6,5,6,7,6,6,4,5,8,7,6,6,12705
6,7,7,7,7,7,7,7,8,7,8,6,7,10,6,7,5,6,7,10,8,7,8,7,8,7,7,7,7,12705
5,3,6,4,2,2,3,4,4,7,5,4,4,3,3,4,1,3,4,4,5,5,1,5,6,2,6,1,5,12705
6,4,6,4,4,5,2,6,5,6,7,5,2,3,6,6,4,4,5,5,5,5,2,6,5,5,6,4,6,12705
7,4,6,4,5,6,4,7,7,7,7,5,5,8,6,6,4,5,6,7,6,7,6,6,7,7,6,6,5,12705
10,9,9,7,8,8,11,10,8,9,6,9,7,7,8,10,8,8,10,9,7,10,5,10,5,5,7,8,7,12705
3,5,5,7,7,4,6,6,8,5,7,6,7,4,6,5,6,5,6,7,7,6,7,4,6,6,6,5,7,12705
6,7,8,8,7,8,7,7,7,9,6,8,8,8,7,8,3,8,9,9,7,6,8,6,8,8,4,7,9,12705
8,7,7,7,7,8,6,7,8,8,7,7,7,7,8,7,6,8,8,7,7,6,8,8,7,7,5,7,7,12705
3,3,1,2,1,2,3,5,3,5,4,5,1,5,1,2,1,6,4,4,4,2,2,4,4,3,2,3,1,12705
8,7,6,8,7,7,8,7,8,6,7,8,9,6,8,7,8,8,8,5,4,7,7,6,6,6,8,9,7,12705
7,4,3,5,4,3,4,3,4,4,5,6,5,5,5,4,5,4,5,4,4,6,3,5,4,5,6,5,4,12705
4,6,5,5,5,4,5,6,3,4,4,3,5,5,6,3,3,5,3,5,5,3,4,2,3,4,4,4,2,12705
8,7,6,9,9,8,8,8,9,10,6,8,7,4,9,8,10,7,6,7,7,6,7,6,7,8,7,8,8,12705
6,8,7,7,8,7,7,8,8,7,8,8,7,9,7,8,6,6,7,10,7,7,10,7,9,7,8,6,6,12705
8,8,9,10,11,9,8,8,9,9,8,9,10,1,8,8,8,8,6,9,11,9,10,6,9,10,9,8,10,12705
5,4,6,3,5,5,5,5,5,7,6,5,4,9,5,5,5,4,6,5,6,5,1,6,6,5,6,2,5,12705
7,6,8,6,7,7,6,8,7,8,8,7,5,8,7,8,5,7,7,7,7,6,8,7,8,8,7,7,9,12705
10,8,9,9,10,10,8,9,9,9,7,9,9,7,9,9,9,10,9,7,8,10,9,10,9,9,8,10,8,12705
5,5,4,5,6,5,4,6,5,6,5,5,4,3,4,5,6,4,5,6,6,5,6,5,7,5,5,5,5,12705
4,6,5,6,6,4,6,5,6,3,5,6,6,6,7,5,6,7,6,5,6,6,7,4,5,7,4,7,6,12705
6,8,8,8,7,6,8,7,7,5,7,7,8,4,7,7,7,6,6,7,6,7,7,5,6,7,7,7,9,12705
7,7,6,8,7,7,7,7,7,8,6,7,7,2,6,7,7,6,6,8,10,7,7,6,6,7,8,6,6,12705
5,4,6,4,7,6,4,7,7,6,6,6,5,4,7,5,6,5,6,6,6,7,6,5,7,5,7,6,6,12705
5,2,4,3,5,6,3,5,4,5,5,6,3,5,4,4,4,4,4,4,5,4,4,5,5,5,6,4,5,12705
4,7,5,4,5,4,6,5,4,5,5,5,7,4,5,2,5,5,5,6,5,4,3,6,5,5,3,4,4,12705
5,6,5,5,5,5,3,6,7,4,5,6,5,6,6,6,7,5,5,5,6,5,5,6,6,5,7,6,6,12705
7,7,5,6,6,7,7,5,7,2,7,6,6,6,8,6,8,7,8,5,3,8,5,8,5,6,4,7,6,12705
5,4,4,4,3,7,4,5,5,7,4,4,3,3,6,4,4,3,5,5,5,5,3,5,6,3,5,2,4,12705
6,7,4,7,6,6,7,6,6,6,6,4,6,8,6,6,7,6,6,7,6,6,6,6,7,6,5,6,6,12705
4,5,5,5,5,4,5,5,5,5,7,3,5,5,4,5,6,5,5,6,6,5,6,4,5,6,5,6,4,12705
10,9,10,8,9,10,9,9,9,8,9,10,9,7,9,8,7,10,11,8,8,10,8,10,9,9,8,9,10,12705
7,5,5,5,5,5,4,5,4,4,4,5,2,6,4,4,7,2,3,3,4,4,4,3,4,6,6,5,4,12705
9,6,10,6,7,8,9,6,8,9,5,8,7,6,8,6,9,8,8,6,6,8,7,9,6,8,6,8,8,12705
4,4,4,3,4,3,5,4,5,6,5,4,5,4,4,4,2,4,5,6,6,4,2,4,5,4,5,3,4,12705
11,9,10,11,10,9,10,11,11,11,9,11,11,7,11,9,11,11,9,7,9,11,9,11,10,10,10,11,11,12705
2,5,6,6,6,2,6,2,1,2,1,6,5,6,4,3,6,7,1,2,2,1,5,1,2,5,2,5,3,12705
8,10,7,8,8,8,7,9,8,7,9,7,8,8,8,9,8,8,9,6,8,9,8,7,8,8,7,9,7,12705
9,11,8,10,9,11,8,10,10,6,11,10,9,9,9,9,7,11,11,10,10,9,10,7,11,11,10,8,8,12705
3,5,3,4,3,3,6,4,5,5,6,5,6,4,2,1,5,4,4,6,5,4,3,4,4,4,5,4,2,12705
8,6,5,6,6,7,7,4,4,4,6,6,6,5,9,6,9,8,8,4,4,8,5,8,4,6,5,7,5,12705
9,9,6,7,8,8,9,7,6,9,8,9,10,7,9,8,8,9,8,5,8,8,7,9,7,6,11,9,7,12705
6,10,8,10,9,10,9,8,9,7,11,9,8,10,8,8,6,8,9,11,9,8,9,7,10,8,8,8,8,12705
7,6,5,6,6,6,6,5,4,4,7,4,6,5,6,6,7,6,4,6,4,6,5,8,5,6,4,6,5,12705
5,5,6,4,5,4,4,4,5,5,6,4,5,2,3,5,2,5,5,5,6,5,6,6,6,5,6,5,5,12705
9,7,9,7,8,8,10,6,6,6,3,7,7,6,7,7,8,7,8,8,3,10,5,9,2,6,4,7,7,12705
6,6,5,6,6,5,7,1,6,1,2,7,6,6,5,6,7,7,2,1,1,6,5,2,1,4,3,5,6,12705
5,6,7,4,6,6,4,6,5,7,6,5,5,3,6,7,5,5,6,6,6,5,6,7,7,5,5,6,4,12705
8,11,11,9,7,9,8,9,10,9,10,10,8,7,10,10,10,9,9,6,8,8,9,9,10,8,7,10,9,12705
10,8,9,10,10,9,10,9,7,10,9,11,10,7,10,9,10,10,10,7,9,8,8,11,10,9,9,10,10,12705
5,3,3,2,2,4,2,4,4,6,4,4,4,7,5,5,3,3,5,4,5,5,3,5,6,2,6,1,4,12705
11,10,11,11,11,11,11,11,11,11,10,10,11,7,11,11,11,10,9,9,10,11,11,10,11,11,10,11,11,12705
2,5,6,6,6,3,6,2,1,2,1,6,6,6,3,3,7,7,1,1,2,1,5,2,1,4,1,5,4,12705
6,9,8,9,8,9,9,9,10,7,10,8,7,10,8,10,8,7,8,11,11,9,11,7,9,6,9,8,9,12705
5,6,5,6,6,5,6,3,2,3,3,3,6,6,7,6,7,5,6,4,2,6,5,8,4,6,4,5,4,12705
6,6,8,6,7,5,7,5,6,4,3,7,6,6,5,6,8,7,2,5,3,8,5,4,3,5,3,7,8,12705
9,8,10,8,8,9,10,10,10,8,7,9,10,8,10,11,10,9,8,7,9,8,10,9,9,8,9,10,10,12705
6,3,3,1,3,4,2,4,4,4,4,4,2,5,4,5,4,2,4,3,4,5,4,5,5,3,6,5,6,12705
2,5,5,6,6,1,3,4,2,3,2,2,3,6,5,3,4,5,2,3,3,2,5,3,3,4,1,4,3,12705
7,8,7,7,7,7,5,8,8,8,8,8,6,7,8,7,6,7,7,8,7,6,8,8,8,6,5,8,7,12705
4,5,6,6,5,5,6,2,2,3,2,2,6,6,3,6,5,4,3,2,2,2,5,3,2,4,2,6,5,12705
1,4,2,6,3,4,5,2,2,2,2,2,6,6,6,4,6,5,2,2,3,3,5,3,3,3,3,4,6,12705
4,7,5,6,4,4,6,5,5,5,8,5,5,5,4,5,5,6,5,6,6,5,6,6,5,8,3,6,6,12705
3,2,2,5,3,5,1,3,3,3,4,1,4,6,2,3,3,1,3,2,4,4,5,3,3,1,4,2,3,12705
7,6,5,7,5,6,7,6,6,6,6,4,6,7,5,5,4,5,6,7,5,7,6,5,6,7,8,6,5,12705
7,6,8,7,5,8,7,8,7,10,8,7,8,8,7,8,8,8,7,7,8,7,9,8,8,10,7,9,9,12705
2,5,1,3,1,1,6,4,4,5,4,3,4,5,1,1,3,5,4,5,4,4,2,4,4,1,2,4,1,12705
4,3,4,5,4,5,5,6,3,5,6,6,4,5,7,4,5,5,5,5,5,3,4,4,4,4,4,4,3,12705
8,6,6,8,8,6,8,6,6,4,6,6,8,5,7,5,8,7,6,6,5,6,7,4,4,6,8,7,6,12705
7,10,7,7,7,7,6,8,7,8,10,8,7,8,7,8,6,7,7,5,9,9,8,7,8,6,9,8,6,12705
8,8,8,7,8,9,9,10,7,7,8,7,7,11,7,9,9,7,7,9,9,9,9,7,8,8,9,8,7,12705
7,5,7,5,6,7,6,7,6,8,7,5,7,10,6,7,5,6,7,8,7,6,7,7,6,7,6,7,5,12705
9,9,8,8,10,8,7,8,7,6,8,9,8,7,8,7,9,9,8,7,8,8,7,9,7,9,10,9,8,12705
3,4,3,3,4,4,5,3,3,4,3,3,3,5,3,3,4,2,3,4,4,3,4,3,4,4,4,2,2,12705
5,5,6,5,4,5,3,5,5,7,5,4,5,9,5,6,5,4,6,6,6,5,6,5,7,5,6,3,5,12705
1,2,2,4,4,4,2,3,3,3,3,1,4,6,2,2,2,1,3,3,3,2,4,2,3,2,4,4,2,12705
7,2,4,3,4,5,5,6,5,6,4,5,4,3,5,5,3,4,5,4,5,5,3,8,6,3,6,3,5,12705
4,6,7,4,5,6,6,6,7,8,6,6,7,4,5,6,6,6,7,8,6,7,6,6,8,6,6,5,7,12705
7,3,4,4,5,5,5,6,6,5,5,4,1,7,6,5,4,3,5,6,5,5,3,6,6,5,5,4,5,12705
7,7,8,7,4,7,6,7,6,6,5,7,5,8,7,7,7,7,7,8,7,7,7,7,6,7,5,7,7,12705
6,7,7,6,6,6,5,7,6,6,7,8,8,4,4,6,8,8,7,7,7,7,6,8,7,8,7,7,8,12705
6,6,7,5,6,6,4,6,6,6,6,6,5,7,5,7,6,6,6,6,6,4,6,5,7,7,7,6,6,12705
5,1,3,3,2,6,4,3,5,4,3,5,3,5,3,5,5,6,4,3,4,3,5,5,4,4,5,3,3,12705
7,5,7,5,6,6,5,7,6,7,7,5,4,9,6,6,5,4,6,8,6,7,6,6,6,5,8,6,7,12705
4,8,6,7,8,7,8,6,7,5,6,7,9,3,4,6,7,7,6,8,7,6,8,5,5,7,5,6,7,12705
6,7,9,4,7,7,7,7,6,6,7,6,7,5,8,6,7,7,5,5,6,7,6,7,6,8,6,8,7,12706
6,3,5,5,3,4,3,3,1,1,1,7,5,4,3,3,6,5,1,3,4,5,4,5,2,3,5,4,4,12706
2,5,7,6,4,4,6,6,7,5,5,7,5,4,8,4,5,6,5,5,5,4,4,5,4,5,4,3,2,12706
5,5,5,5,3,5,4,2,3,4,5,4,1,5,4,5,5,4,6,3,2,2,5,4,3,3,4,5,5,12706
6,5,6,4,5,7,4,4,2,4,2,3,4,5,4,4,8,3,4,6,3,5,6,2,5,4,2,5,6,12706
3,6,8,4,4,4,5,7,4,6,7,6,6,3,5,1,4,6,4,8,5,7,7,6,6,7,5,4,3,12706
8,7,8,7,9,5,8,8,7,6,8,6,6,9,6,7,3,5,8,9,8,8,8,7,8,4,7,7,5,12706
4,2,5,3,1,5,2,2,2,8,3,1,3,3,2,3,2,1,3,3,5,3,4,5,3,2,3,3,4,12706
5,4,3,2,6,5,5,5,7,5,6,5,6,2,5,5,4,4,6,5,6,5,7,4,7,4,7,5,4,12706
4,5,7,6,5,3,6,5,7,4,5,7,5,5,8,6,7,7,7,7,5,6,6,7,6,5,5,4,7,12706
6,7,5,5,6,6,6,5,4,5,4,5,2,7,5,6,7,5,5,4,5,4,5,5,5,6,5,6,4,12706
3,4,4,5,6,4,6,6,6,7,6,5,6,8,5,5,4,5,5,6,6,5,2,6,7,6,6,3,3,12706
8,10,6,9,8,10,10,8,9,8,9,9,10,7,10,8,9,10,6,6,8,9,8,9,10,7,10,10,9,12706
6,8,7,6,6,8,8,6,5,5,6,5,4,6,6,6,6,8,7,6,4,7,5,7,7,7,6,7,7,12706
5,4,5,6,3,5,4,3,5,2,3,4,5,6,5,4,6,4,5,2,3,2,4,2,2,5,3,4,5,12706
5,6,8,6,5,4,6,6,4,5,6,7,6,3,7,5,5,6,5,7,5,6,6,3,7,6,6,6,5,12706
2,5,4,3,6,2,5,5,6,6,7,5,7,1,4,2,2,3,4,9,7,4,7,3,7,6,8,5,5,12706
5,4,6,3,5,6,4,4,3,4,5,5,4,4,5,6,7,7,7,4,3,3,3,5,6,5,3,5,6,12706
8,8,6,7,8,6,6,8,8,7,9,6,7,8,7,8,3,6,6,4,9,8,8,4,8,6,9,7,6,12706
3,4,3,6,4,5,5,5,6,6,6,5,6,8,3,4,3,3,3,4,7,5,1,3,6,2,7,5,5,12706
5,6,3,4,7,5,5,7,6,8,7,4,7,7,5,7,3,4,4,8,7,4,7,3,6,5,7,6,5,12706
6,7,7,7,7,6,6,6,6,7,7,6,7,6,7,6,6,6,6,6,6,7,7,8,6,9,7,7,8,12706
5,4,4,5,4,3,3,4,5,5,5,4,4,5,4,5,5,4,5,4,3,4,5,6,4,5,5,4,3,12706
10,9,10,8,8,9,7,9,10,9,8,10,9,7,9,9,10,9,9,8,8,8,9,10,9,9,8,9,9,12706
8,6,6,8,10,7,7,9,9,6,10,8,8,10,7,9,4,6,10,6,10,9,8,4,8,4,9,6,6,12706
6,5,7,5,5,6,7,3,5,3,3,4,3,5,6,5,6,5,7,7,2,5,5,6,4,5,2,5,6,12706
4,3,2,6,2,3,3,3,4,4,3,2,4,5,3,3,5,5,3,3,4,3,3,5,3,4,4,2,3,12706
7,6,6,7,7,6,7,6,6,8,4,9,8,4,6,7,7,6,7,5,6,6,6,8,3,4,6,6,7,12706
4,5,4,5,5,3,5,6,5,5,4,5,5,7,4,5,5,5,6,4,5,5,5,4,5,6,5,6,5,12706
7,6,8,8,6,6,8,6,5,8,5,8,8,6,6,7,6,7,8,7,6,6,4,7,5,7,6,6,7,12706
7,8,6,10,7,8,9,8,7,9,6,7,6,8,7,8,7,8,8,8,7,8,5,8,6,7,6,7,8,12706
6,6,7,8,6,6,8,7,7,7,6,6,6,6,6,7,6,7,8,7,7,7,5,7,5,8,6,7,8,12706
9,9,9,9,9,9,7,10,8,10,8,8,9,9,7,10,5,8,9,10,9,10,10,6,9,8,7,9,10,12706
4,3,3,4,4,4,3,4,5,3,4,3,5,4,4,4,4,4,4,5,4,3,3,5,4,4,3,3,4,12706
7,8,6,7,8,8,5,7,8,7,8,6,7,7,8,7,9,8,8,7,8,7,7,8,8,10,8,8,8,12706
7,6,4,7,7,8,9,7,8,7,7,8,8,6,9,8,8,9,6,6,7,6,9,9,7,7,8,8,7,12706
9,7,5,5,5,7,4,5,4,3,5,7,4,6,6,5,8,6,4,6,4,6,6,6,5,6,4,5,6,12706
1,1,2,1,2,1,1,4,3,6,4,3,3,2,1,2,1,2,2,5,4,4,2,4,4,1,4,1,2,12706
5,7,5,3,5,7,5,5,5,4,6,6,5,6,6,6,8,7,7,2,6,6,6,6,5,8,4,8,6,12706
3,2,1,2,4,2,4,4,4,6,4,3,5,3,2,3,4,3,3,5,5,5,3,1,4,3,5,2,1,12706
7,5,4,6,6,7,6,5,6,5,5,4,3,4,5,6,6,5,5,5,6,6,6,6,5,5,5,6,6,12706
4,3,5,4,3,5,2,1,3,2,2,2,2,5,3,4,5,2,2,1,1,1,4,5,1,3,1,4,4,12706
6,5,4,6,6,8,6,7,5,5,6,4,3,3,6,5,4,7,7,6,6,6,4,6,5,4,6,6,6,12707
7,6,7,7,5,7,7,6,4,3,5,6,6,6,7,7,8,8,4,6,3,3,5,6,6,7,4,6,5,12707
7,7,6,7,6,8,9,5,4,3,6,6,4,7,6,6,6,6,4,5,5,6,6,5,4,7,4,7,5,12707
4,8,9,11,8,3,7,6,7,9,6,7,10,5,7,7,7,7,7,6,7,7,9,3,9,9,6,7,7,12707
7,7,6,4,6,6,6,6,5,6,7,6,6,5,4,6,5,6,6,5,7,6,6,6,6,4,5,7,5,12707
4,5,7,7,2,6,2,5,5,2,4,6,1,4,2,3,5,3,3,3,4,4,5,5,3,5,3,5,5,12707
9,8,9,4,8,10,9,9,11,7,8,8,8,8,10,7,7,8,8,11,9,10,9,8,7,8,7,9,10,12707
8,9,11,11,8,9,9,7,9,8,8,8,8,9,8,9,5,8,9,9,8,11,7,8,6,7,9,8,8,12707
4,3,4,4,4,4,5,4,6,6,5,2,1,8,3,5,2,3,5,6,7,5,3,2,4,5,6,3,6,12707
3,4,4,5,1,4,3,3,3,3,3,2,4,6,2,3,1,2,1,4,5,4,4,3,4,5,2,3,3,12707
5,4,6,4,5,6,7,4,5,4,4,3,5,6,6,5,5,6,3,5,4,4,7,5,5,4,3,5,5,12707
6,8,6,6,7,7,6,7,7,9,7,7,8,8,7,8,3,6,8,8,8,7,7,7,9,9,6,6,9,12707
8,8,6,9,8,7,7,6,6,8,6,8,6,6,6,8,6,6,4,5,5,7,6,6,5,3,6,6,9,12707
9,10,10,8,8,7,9,8,9,11,11,11,10,9,7,9,5,8,9,11,10,10,9,8,7,7,8,8,11,12707
9,7,6,9,5,6,4,6,5,3,7,5,6,6,5,8,4,5,4,4,4,7,5,4,6,5,6,6,6,12707
5,4,4,4,6,4,5,5,3,4,3,4,3,4,4,5,4,6,5,4,5,5,4,6,5,3,5,6,4,12707
4,4,7,5,4,6,4,1,3,3,4,3,3,6,2,4,5,4,3,7,5,3,5,6,2,4,2,3,4,12707
8,8,7,11,8,8,8,8,8,5,7,5,4,5,8,6,6,7,7,6,5,8,7,4,7,6,6,6,9,12707
9,10,9,8,9,8,10,8,9,8,10,9,8,9,9,8,8,9,9,10,11,8,10,9,9,9,11,9,8,12707
4,4,4,5,4,4,7,5,4,7,6,2,6,7,5,5,4,4,4,6,6,5,4,7,6,5,5,3,3,12707
6,4,6,5,4,6,7,6,4,4,5,2,6,6,5,4,3,6,4,6,5,4,5,3,5,3,4,6,4,12707
4,7,9,6,7,5,7,8,9,8,7,7,7,10,6,6,4,6,11,10,8,6,7,8,7,7,7,7,8,12707
8,8,7,8,9,10,10,7,8,8,8,8,10,8,9,8,8,9,8,9,9,8,8,9,7,8,8,9,7,12707
4,4,6,7,4,6,5,5,4,1,3,6,3,6,7,6,6,5,4,2,3,2,5,6,3,6,3,4,5,12707
5,5,3,5,5,3,5,4,5,7,5,5,6,3,4,6,4,4,5,5,6,4,4,4,6,5,5,5,5,12707
3,3,3,4,4,6,5,5,5,5,3,4,3,2,3,4,4,6,4,5,6,5,4,5,4,6,5,7,6,12707
8,6,6,8,9,7,8,4,7,8,6,6,5,8,5,7,5,7,7,6,7,6,6,6,7,5,8,7,6,12707
3,5,3,4,3,4,3,5,4,5,5,4,2,7,4,3,3,4,2,4,5,5,3,6,7,3,5,4,5,12707
5,5,9,2,7,5,9,9,8,10,6,7,7,10,8,7,2,7,10,8,9,8,8,8,8,5,8,7,8,12707
6,5,8,4,6,5,5,4,6,6,6,4,5,4,4,6,5,5,6,5,6,7,3,6,5,4,6,4,6,12707
5,6,8,4,5,5,8,7,8,9,4,7,7,9,6,6,5,5,8,7,8,6,7,7,7,3,9,6,7,12707
6,8,8,3,8,8,9,9,9,10,9,8,8,9,7,10,6,7,11,11,10,10,8,8,8,7,10,7,8,12707
3,2,5,5,4,4,3,4,3,4,1,3,2,6,3,3,5,4,4,6,3,3,5,4,3,6,3,4,3,12707
1,1,5,1,1,1,3,5,4,5,2,6,5,1,3,1,3,3,4,5,3,4,1,1,3,6,6,3,1,12707
5,6,7,7,4,6,4,7,3,6,4,5,6,6,8,6,5,7,4,6,4,3,5,5,5,6,3,5,4,12707
5,6,8,4,7,5,6,7,7,9,7,7,7,11,7,7,4,5,11,10,9,7,8,8,8,6,8,6,7,12707
3,5,8,5,4,7,5,6,7,5,5,5,3,5,5,4,2,2,4,4,5,4,5,7,5,6,4,6,4,12707
7,6,8,4,6,7,7,7,5,5,6,6,5,6,9,5,6,7,6,6,4,5,6,5,6,4,4,7,4,12707
9,7,8,10,9,9,8,8,8,7,7,8,8,7,9,8,8,9,7,7,7,8,7,9,6,7,9,9,7,12707
5,6,7,6,6,3,7,6,6,7,3,6,7,3,5,5,6,4,5,7,6,6,2,6,7,4,6,6,6,12707
6,4,4,5,6,6,6,5,6,6,7,4,7,3,5,7,4,5,5,7,6,6,3,8,6,4,8,5,7,12707
5,7,6,5,6,7,5,7,7,4,8,9,6,5,8,7,7,7,6,4,7,7,8,6,8,7,5,8,7,12707
7,7,5,6,8,6,7,7,6,6,7,6,4,4,6,6,6,8,6,5,5,6,6,5,6,4,5,6,5,12707
8,8,5,3,8,8,10,7,7,7,8,7,7,5,7,8,6,9,7,5,7,7,7,7,6,7,5,7,6,12707
7,6,6,6,8,6,8,6,6,6,6,6,4,4,8,6,6,7,6,5,5,6,6,4,5,4,5,8,5,12707
7,7,5,7,7,6,6,4,5,6,5,4,5,4,6,6,4,6,6,6,6,7,4,5,5,4,5,5,6,12707
10,9,10,9,10,10,8,10,9,8,10,10,9,8,9,10,11,10,8,8,8,9,10,10,10,11,10,10,9,12707
6,2,2,3,4,3,2,4,5,5,4,4,2,7,4,4,1,3,3,5,6,6,2,2,5,1,6,2,6,12707
7,6,5,5,6,6,6,6,6,6,6,4,5,4,6,6,6,6,6,6,6,6,6,6,5,8,7,6,6,12707
8,6,6,8,7,8,7,8,8,6,7,7,6,7,6,6,9,8,6,6,5,8,7,5,7,6,6,8,7,12707
1,4,3,2,1,2,4,4,3,4,5,3,3,5,3,2,4,6,4,5,3,5,4,2,5,6,7,4,3,12707
11,9,11,9,11,9,11,11,10,8,8,10,10,8,10,9,10,10,9,11,9,11,11,10,11,9,8,11,11,12707
7,6,5,6,6,6,6,4,1,3,5,5,4,7,5,4,5,5,6,7,2,7,6,5,3,6,4,5,4,12707
9,8,6,9,7,6,7,6,6,5,6,5,4,7,7,6,7,6,7,6,5,9,6,5,5,2,6,7,7,12707
6,6,7,4,7,5,6,6,7,5,5,4,7,9,5,6,4,4,8,8,7,7,1,3,6,5,8,4,7,12707
8,5,5,9,7,6,7,4,4,6,6,5,4,4,5,6,6,6,6,5,5,5,7,5,6,6,4,8,5,12707
8,6,5,7,7,4,6,6,6,6,5,5,4,5,7,6,6,5,6,5,5,6,6,4,4,6,5,7,5,12707
9,8,8,6,8,7,4,8,6,8,7,8,8,7,9,8,9,9,7,7,7,7,8,8,8,8,7,9,6,12707
6,5,7,6,5,6,7,5,7,6,5,6,6,2,5,5,6,5,6,6,7,5,7,9,5,7,7,8,5,12707
6,3,4,5,4,3,9,7,7,5,6,4,3,9,5,7,2,4,7,5,7,6,3,3,6,5,6,4,6,12707
8,10,7,5,9,8,9,8,8,8,8,8,8,8,9,8,9,9,7,6,8,9,9,8,9,7,9,10,7,12707
7,5,5,7,5,6,3,5,2,4,4,5,6,6,7,5,5,6,4,3,3,2,5,4,2,5,3,6,3,12707
5,8,9,5,7,9,7,10,10,11,9,9,8,11,7,10,5,8,11,10,11,8,8,8,9,8,10,7,8,12707
8,9,8,8,8,9,9,9,10,8,9,8,8,8,8,9,8,9,10,8,11,10,9,9,8,9,10,9,8,12707
5,3,2,2,3,3,2,4,6,5,4,4,3,8,3,3,3,2,5,6,6,5,2,6,4,5,6,2,6,12707
7,6,5,6,6,6,4,5,5,7,5,5,5,4,5,6,5,5,6,5,6,5,7,5,5,5,5,5,4,12707
5,7,9,5,7,7,9,6,8,10,8,7,8,10,7,7,5,6,10,10,9,8,8,7,8,7,8,7,8,12707
3,3,4,3,3,2,5,4,3,7,6,4,6,5,2,1,4,2,3,5,6,5,4,3,4,1,5,4,1,12707
7,5,5,7,4,3,5,3,2,2,1,1,2,6,2,3,3,4,3,2,2,2,5,4,6,2,1,4,3,12707
2,7,8,3,5,7,8,8,8,8,11,9,8,9,7,8,5,7,9,9,10,6,7,7,6,8,8,6,8,12707
2,4,2,3,4,5,4,5,4,3,5,6,5,4,4,4,1,5,3,6,4,4,4,4,3,3,6,4,4,12707
5,3,3,2,4,4,5,5,7,6,4,6,3,9,4,2,3,3,7,7,7,6,1,9,5,5,6,4,6,12707
1,3,4,3,4,1,7,5,5,5,2,6,5,1,1,5,1,6,4,7,5,4,3,1,3,6,7,4,2,12707
8,11,10,9,10,11,7,11,10,8,10,10,9,11,9,9,10,11,9,7,9,9,9,11,10,10,8,10,9,12707
6,6,8,6,5,6,8,7,6,7,5,7,7,3,7,6,8,6,8,8,7,6,8,6,8,9,7,6,6,12707
6,1,4,3,3,3,1,3,6,5,4,4,2,2,4,4,2,4,3,3,6,5,3,7,4,2,4,2,6,12707
9,9,10,10,9,9,10,10,11,9,8,8,9,7,8,10,9,8,8,8,8,9,7,8,9,7,9,8,11,12707
5,4,6,7,3,6,6,1,2,1,2,3,4,6,4,4,6,4,4,1,1,1,5,5,2,6,3,4,5,12707
7,6,5,8,7,8,6,7,6,6,6,6,4,7,6,6,5,8,6,7,5,7,6,7,7,7,6,7,5,12707
4,5,4,5,2,5,2,5,3,5,4,3,3,4,4,3,6,3,5,5,5,4,6,5,3,5,4,5,4,12707
10,9,11,10,11,9,11,9,11,11,11,11,11,8,11,9,10,10,9,9,9,10,11,10,11,11,10,11,9,12707
4,8,8,7,7,7,8,7,4,7,6,9,7,7,6,8,5,8,6,7,7,8,8,7,8,8,7,7,9,12707
6,5,4,5,6,4,5,3,4,5,6,3,6,4,4,5,4,4,6,4,6,5,4,5,4,5,5,4,5,12707
5,1,2,3,5,3,6,5,5,5,6,4,5,2,4,5,4,3,5,7,7,6,3,9,4,3,6,4,4,12707
7,5,5,8,6,6,5,2,3,4,6,5,5,5,4,6,5,5,6,3,4,5,6,5,6,4,4,5,5,12707
4,5,6,6,5,4,5,2,4,2,4,5,6,6,5,4,7,5,2,3,2,2,5,4,3,2,3,5,2,12707
6,7,7,2,7,5,6,8,7,6,6,7,7,7,7,7,5,6,8,8,7,8,3,6,8,5,8,6,8,12707
5,9,8,8,8,8,7,9,8,9,9,9,9,7,9,8,8,7,9,8,8,8,11,4,7,10,7,9,9,12707
8,8,8,8,9,8,9,9,9,8,6,8,9,7,9,9,9,7,8,9,8,8,7,10,9,8,8,9,9,12707
5,8,7,7,6,5,4,7,5,7,8,9,8,7,8,7,7,7,7,7,7,5,8,7,8,7,7,6,6,12707
7,6,6,7,6,8,5,5,3,4,5,5,4,7,7,4,5,7,6,5,4,4,6,6,5,7,5,6,4,12707
7,6,5,7,6,7,5,2,1,3,3,5,6,6,5,5,6,5,4,2,2,3,5,5,1,3,4,4,6,12707
5,5,4,6,6,5,5,3,3,3,6,5,4,7,4,4,5,5,5,3,4,3,6,6,3,6,5,5,4,12707
6,5,6,8,7,10,6,5,7,5,4,6,6,7,8,7,9,9,7,5,1,1,5,7,6,6,1,7,4,12707
2,4,5,4,4,4,2,5,5,5,3,3,5,5,5,5,8,3,1,4,4,3,6,4,5,6,5,4,4,12707
8,8,7,10,9,8,8,8,9,8,8,8,9,7,9,9,7,8,8,8,6,9,8,8,9,9,8,10,7,12707
10,10,7,9,8,9,8,9,9,9,7,8,9,7,9,9,6,8,7,8,7,8,5,8,6,8,7,10,10,12707
3,2,6,6,2,2,1,1,1,1,4,1,5,6,3,3,4,4,2,1,1,1,5,3,2,2,3,3,2,12707
5,5,5,4,4,6,4,6,8,3,4,3,3,3,6,5,7,7,6,4,4,5,5,5,4,6,1,6,5,12707
5,3,2,4,5,5,6,6,3,4,5,2,6,6,5,5,5,7,5,5,4,4,4,3,6,6,2,7,4,12707
6,6,7,6,5,5,6,7,7,7,7,7,7,4,6,7,7,7,7,6,6,6,8,7,7,8,6,6,6,12707
3,4,4,3,3,4,3,3,5,7,3,4,3,7,3,2,4,2,2,3,6,5,4,6,5,4,6,1,3,12707
6,9,3,8,7,6,6,5,6,7,7,7,7,5,6,7,8,8,8,7,7,7,7,7,8,8,7,7,7,12707
10,9,9,8,8,7,8,8,6,8,9,7,9,7,8,7,9,9,8,8,8,7,9,10,9,9,9,9,7,12707
9,8,7,10,7,10,8,9,8,6,9,6,5,5,6,6,8,6,7,4,7,11,6,4,7,6,9,8,10,12707
1,1,2,1,1,1,1,3,5,5,1,6,4,2,1,1,3,1,4,4,5,4,3,1,1,2,5,1,1,12707
7,6,3,6,7,7,7,6,6,5,3,6,6,5,6,5,7,8,7,3,6,5,6,7,7,4,4,8,6,12707
6,7,7,5,6,5,5,7,7,7,8,7,7,8,7,8,6,5,9,9,8,7,7,7,7,8,9,6,7,12707
6,7,7,7,5,8,6,7,8,9,5,9,8,8,7,9,7,8,8,8,8,8,10,8,9,9,6,7,8,12707
8,7,9,6,7,7,7,7,7,7,8,6,6,3,6,8,6,8,7,6,7,9,3,6,6,5,9,7,7,12707
6,5,5,6,6,7,6,4,5,6,6,6,5,3,6,5,6,7,6,5,6,6,4,5,5,4,5,6,5,12707
4,4,5,5,3,6,3,2,4,3,4,3,4,5,4,4,3,6,4,2,4,4,6,6,6,6,4,5,5,12707
7,6,4,6,6,8,6,4,5,5,7,5,5,4,4,5,5,7,6,6,5,6,6,6,4,4,5,7,4,12707
7,7,4,7,7,8,6,8,7,6,7,7,6,6,8,6,9,8,6,5,6,7,7,7,8,8,6,8,6,12707
10,8,6,9,9,9,11,9,7,11,7,8,7,6,9,9,7,7,6,8,3,8,6,9,2,6,6,7,8,12707
7,6,4,8,6,5,6,7,4,4,7,5,6,5,6,6,8,9,5,6,4,4,7,7,7,8,6,7,4,12707
3,2,3,4,3,5,4,3,3,4,1,4,2,5,1,3,2,1,3,3,6,4,4,7,3,5,4,3,2,12707
5,7,3,6,6,4,5,5,5,6,7,5,5,5,3,5,4,5,5,6,6,5,6,4,6,4,5,6,4,12707
8,7,6,9,6,8,7,6,7,6,5,6,6,4,7,6,7,7,7,6,5,8,7,7,7,8,5,8,6,12707
4,5,3,5,5,4,4,6,6,5,5,7,5,5,6,5,7,4,4,7,4,5,4,6,7,7,7,4,6,12707
7,6,6,7,3,2,5,5,6,3,3,5,6,6,5,6,6,5,3,4,3,1,5,4,1,6,2,5,6,12707
8,9,7,8,9,8,7,10,10,8,10,9,9,8,10,9,11,10,8,7,9,9,9,9,10,10,11,9,8,12707
7,6,5,6,6,5,5,3,5,4,5,6,4,5,4,6,4,5,6,4,4,4,6,4,4,6,4,6,5,12707
4,5,3,1,5,5,4,5,6,7,7,7,5,8,5,6,3,4,7,7,7,5,1,3,7,7,7,3,6,12707
3,7,7,5,8,7,6,11,8,10,9,9,7,11,8,11,8,7,8,8,8,7,9,8,10,7,7,7,8,12707
4,4,5,7,4,4,5,1,2,1,2,1,6,6,3,4,6,1,1,2,3,2,5,4,2,6,3,3,3,12707
7,6,4,6,7,6,8,3,5,5,6,5,4,5,7,6,6,6,6,4,4,6,6,5,4,5,6,7,5,12707
6,7,7,7,6,8,6,7,7,7,8,8,7,1,6,7,7,7,8,7,8,8,7,7,7,7,8,8,8,12707
6,5,6,7,6,5,4,6,2,4,4,5,6,6,5,4,5,8,6,7,3,3,5,8,6,7,2,4,4,12707
6,7,8,3,7,5,3,8,8,7,8,7,7,10,6,7,7,5,10,9,9,7,8,3,7,4,10,6,7,12707
7,7,5,8,7,8,9,6,5,6,7,6,6,4,8,7,9,9,8,7,6,7,7,7,6,7,8,8,6,12707
9,7,6,9,8,8,8,6,8,7,6,8,8,7,7,7,9,8,6,7,5,8,7,5,7,6,6,8,7,12707
8,11,8,10,9,11,7,9,9,9,9,9,11,9,10,10,8,9,9,9,10,9,9,9,10,11,11,9,8,12707
2,2,7,4,5,4,6,7,4,4,3,6,5,5,8,2,8,4,2,6,6,3,4,2,4,3,4,1,1,12707
9,3,8,6,8,9,10,8,7,9,7,7,8,5,5,5,7,7,7,9,11,7,8,11,5,8,7,8,7,12707
3,4,1,1,4,2,5,4,6,5,3,6,5,3,1,2,3,3,5,7,6,5,2,2,6,6,5,2,3,12707
5,4,5,5,5,4,3,4,4,4,4,3,5,6,5,5,7,5,4,4,3,3,5,4,5,3,2,5,3,12707
5,5,8,5,7,5,4,7,8,10,7,7,8,10,7,8,6,5,10,10,8,6,8,8,8,7,7,6,7,12707
6,4,6,8,6,7,5,6,4,4,6,5,5,6,4,4,6,5,5,6,2,4,6,7,4,6,4,5,6,12707
6,5,5,6,5,4,6,4,6,6,5,5,7,3,5,5,6,4,5,4,6,6,4,4,6,4,5,5,6,12707
6,7,7,5,7,7,5,8,8,7,9,8,8,3,8,8,8,6,7,5,8,7,7,7,8,9,7,8,8,12707
4,8,7,8,5,5,8,6,6,7,6,6,9,5,6,7,9,6,5,7,7,6,7,8,8,8,7,6,7,12707
6,4,1,4,4,3,2,6,6,7,6,4,6,4,4,4,5,4,7,5,7,6,3,3,4,5,6,3,6,12707
5,5,4,6,5,4,6,5,4,6,5,7,7,4,6,5,6,5,5,6,3,5,6,6,5,4,6,5,3,12707
4,5,6,7,3,6,3,4,1,3,2,1,7,6,3,4,5,5,3,2,2,3,5,5,6,5,1,5,3,12707
8,9,11,9,10,7,8,9,6,8,9,11,9,8,8,8,9,10,8,8,7,9,9,7,9,10,9,9,9,12707
7,6,5,7,7,9,8,6,9,5,6,6,6,6,7,7,7,8,6,4,4,4,6,5,5,5,3,8,8,12707
4,5,6,7,2,6,4,3,5,2,4,5,6,6,4,4,7,4,3,3,4,3,5,5,5,5,3,5,5,12707
8,9,6,6,5,4,6,7,5,4,7,8,7,4,8,8,6,6,5,6,5,8,6,6,5,3,7,6,6,12707
11,10,10,6,11,9,11,10,11,10,11,11,11,9,11,11,11,11,9,9,9,11,11,11,11,11,8,11,11,12707
9,7,6,8,8,7,8,8,6,6,7,5,4,7,8,6,7,8,7,5,4,10,6,6,4,6,6,6,9,12707
7,7,6,8,8,5,8,6,6,6,7,6,4,5,6,6,7,7,6,5,5,6,6,4,5,7,5,8,5,12707
4,7,6,4,5,5,5,7,6,5,8,7,7,4,6,7,7,5,5,7,7,7,7,7,8,8,7,5,7,12707
7,3,4,4,6,4,5,4,6,6,5,5,5,3,6,5,4,5,6,6,6,6,6,6,5,6,5,5,6,12707
5,6,5,7,4,5,7,4,2,4,5,2,6,6,5,4,8,4,3,4,5,4,5,4,6,5,4,5,4,12707
8,6,7,7,8,7,8,7,7,8,8,8,7,6,8,7,11,7,6,8,6,7,8,9,8,9,8,8,9,12707
2,8,9,3,6,8,4,6,7,9,7,8,8,9,6,8,8,6,9,9,8,8,9,8,7,7,7,5,10,12707
6,6,6,6,6,6,4,5,8,6,6,5,4,5,6,6,6,6,6,4,5,5,6,5,6,3,6,5,5,12707
6,6,6,5,5,5,3,7,7,5,6,8,7,7,7,7,7,6,5,4,5,6,4,5,7,4,5,5,7,12707
5,7,8,4,5,7,6,6,6,7,8,7,8,4,6,7,6,6,5,6,7,6,7,6,6,8,9,7,7,12707
3,6,7,7,4,1,4,5,5,5,5,7,5,3,3,5,5,4,5,8,4,5,2,1,3,6,6,2,2,12707
5,8,7,5,7,5,9,8,9,8,8,7,7,8,8,9,7,6,8,8,7,8,8,7,8,7,8,7,8,12707
4,4,5,7,6,6,5,2,4,4,4,3,6,6,6,4,6,5,5,1,1,2,5,5,1,5,3,3,3,12707
7,7,8,6,5,7,6,8,8,7,9,7,7,9,7,8,8,6,7,7,8,7,8,6,8,8,7,6,8,12707
4,5,5,7,2,7,7,2,4,2,4,3,5,6,5,3,8,4,1,1,3,3,5,5,3,5,4,4,5,12707
6,8,4,5,9,7,10,6,6,7,8,6,9,5,5,7,8,7,5,6,8,7,8,7,9,8,8,7,7,12707
11,11,9,11,10,11,7,10,9,9,9,10,10,8,11,11,10,11,8,8,10,8,10,11,10,10,11,11,8,12707
5,4,3,5,3,3,4,5,5,7,5,4,1,8,4,3,3,2,5,4,6,5,3,2,7,1,7,1,5,12707
9,10,7,9,10,9,8,8,8,8,8,9,11,8,10,8,8,10,7,8,9,9,9,9,7,7,8,10,10,12707
6,7,9,6,9,7,6,8,7,7,7,9,8,5,8,8,9,8,7,7,7,7,8,6,8,9,7,8,7,12707
4,3,1,5,5,3,3,4,7,6,4,4,1,8,5,1,4,3,7,3,6,6,2,3,4,3,7,2,7,12707
8,6,8,6,7,5,4,7,8,8,8,7,7,10,7,7,3,6,10,9,8,7,8,8,7,7,7,4,8,12707
6,5,4,6,5,6,5,3,7,2,6,5,5,6,6,5,7,5,5,4,4,4,6,8,4,6,4,5,5,12707
11,11,10,8,10,10,7,9,7,7,10,10,9,7,10,10,10,11,8,7,9,9,10,9,9,9,9,9,9,12707
4,3,1,4,2,4,1,3,4,4,2,4,4,5,2,2,4,1,2,3,5,5,4,3,6,1,5,3,2,12707
5,3,3,5,3,3,7,5,4,4,3,4,4,7,5,3,8,3,4,3,6,4,4,7,4,5,4,3,6,12707
3,2,5,2,3,6,4,6,5,6,5,6,5,2,3,3,6,3,5,6,6,6,5,6,4,4,4,5,5,12707
7,8,8,3,6,5,3,8,6,6,9,7,7,7,7,7,7,7,7,5,8,7,7,6,7,7,9,5,7,12707
6,6,7,7,8,7,6,6,5,6,7,6,6,4,7,5,7,6,5,7,5,5,7,4,8,5,6,6,4,12707
2,4,6,6,5,2,4,6,7,6,5,8,8,1,5,4,7,3,5,9,8,6,4,6,6,8,8,4,7,12707
10,9,9,8,11,11,7,11,10,9,10,10,10,8,11,11,10,9,9,8,10,9,10,10,11,10,7,8,10,12707
10,9,10,7,7,6,9,8,7,6,6,8,7,7,8,6,9,8,9,7,5,8,7,9,7,8,6,8,7,12708
5,6,1,5,4,5,5,2,2,1,2,3,5,5,3,4,5,4,4,2,2,2,5,1,1,5,6,4,4,12708
8,9,9,7,7,6,9,6,6,4,5,9,8,5,7,6,10,8,6,7,6,7,6,9,4,7,7,7,8,12708
2,2,4,2,2,5,3,3,4,5,4,4,1,4,2,2,2,2,4,2,5,4,3,3,4,2,4,3,3,12708
6,8,7,7,6,7,8,8,6,8,7,7,7,8,8,7,9,8,7,7,8,7,7,8,8,8,5,7,8,12708
5,7,5,5,4,5,7,2,4,2,3,6,6,5,4,4,8,5,7,2,2,1,5,7,1,3,6,4,4,12708
5,6,4,6,3,5,4,5,5,6,6,4,5,6,5,6,5,4,5,6,5,4,4,6,4,6,5,6,5,12708
5,5,5,4,5,6,5,5,5,5,6,4,5,4,6,5,6,5,5,5,5,6,4,5,6,4,4,6,5,12708
5,4,4,4,5,5,2,5,6,7,6,5,5,7,4,5,3,5,6,6,6,5,2,5,6,4,3,5,5,12708
10,10,10,8,8,7,8,9,7,7,7,10,6,6,9,8,8,9,9,7,7,8,9,9,7,8,8,9,8,12708
5,5,6,6,7,5,7,5,7,5,6,6,6,9,6,5,5,4,6,6,6,6,2,6,6,6,7,5,5,12708
5,3,4,4,7,5,7,5,5,5,6,4,4,7,4,5,3,3,6,6,5,4,3,4,6,4,3,4,5,12708
5,2,4,5,3,5,4,4,4,6,4,3,3,2,4,4,4,5,5,5,4,3,4,5,5,4,4,4,4,12708
8,7,7,7,6,6,7,6,6,4,6,6,5,6,6,6,7,5,6,5,6,7,6,6,6,7,3,7,8,12708
7,5,3,7,4,6,6,3,3,4,4,3,5,6,5,5,6,4,5,4,5,5,5,4,4,5,4,7,4,12708
6,7,5,6,6,6,7,6,6,4,4,6,6,6,9,6,9,8,7,5,6,6,6,6,6,8,6,7,4,12708
7,9,9,9,6,10,8,8,8,8,8,7,10,9,8,10,7,7,8,10,10,9,10,8,8,9,9,10,10,12708
3,5,5,6,5,6,5,5,4,4,5,6,5,3,6,5,7,5,5,5,4,4,6,6,4,5,5,6,5,12708
3,2,3,4,4,6,4,4,4,4,4,3,3,4,4,3,5,7,4,3,4,4,4,3,5,5,4,5,6,12708
6,4,4,8,6,5,5,5,6,7,6,4,6,7,5,6,3,5,6,6,6,6,1,4,6,7,7,5,6,12708
5,7,8,6,7,8,7,7,7,8,6,7,7,6,7,7,7,6,6,7,6,7,8,7,7,7,8,7,7,12708
4,3,4,3,2,2,1,4,4,5,4,4,3,3,3,3,4,2,4,1,5,4,4,2,5,2,6,2,5,12708
9,7,10,7,8,6,8,8,9,5,6,9,7,6,9,9,8,9,9,7,7,8,9,9,7,8,6,8,7,12708
8,9,9,8,8,6,8,8,7,7,7,8,7,6,8,6,9,9,8,7,7,7,7,7,7,8,8,9,6,12708
5,6,8,6,6,7,7,7,7,7,5,7,7,6,6,8,7,6,6,7,6,9,6,6,7,6,6,7,7,12708
6,6,8,6,5,4,5,6,3,4,4,5,6,5,7,5,6,7,5,6,6,5,6,7,5,7,4,6,6,12708
4,7,7,5,6,8,7,8,7,7,8,7,7,7,6,7,6,6,6,6,6,6,7,6,9,7,8,7,6,12708
2,2,3,5,2,5,3,3,4,4,3,4,4,4,1,3,3,2,3,4,3,4,4,2,3,3,3,2,2,12708
6,7,7,6,6,8,7,9,7,9,7,6,6,7,8,7,8,7,7,7,8,7,7,8,7,7,6,6,4,12708
8,9,6,8,9,9,8,8,7,7,7,8,8,6,9,7,10,10,10,8,7,7,7,10,7,10,9,10,8,12708
8,10,9,7,6,7,7,9,9,8,9,7,8,4,10,7,7,8,7,5,8,7,8,8,10,7,8,8,7,12708
7,10,7,10,10,9,7,9,9,10,10,7,10,9,7,10,7,9,10,10,10,10,10,9,10,10,10,9,9,12708
5,9,8,8,8,7,7,6,10,10,8,10,9,10,6,6,5,6,8,9,7,6,7,7,7,7,10,6,7,12708
5,4,4,4,4,4,3,4,5,5,5,4,3,7,4,4,2,3,6,4,5,5,3,4,6,3,2,4,5,12708
5,4,6,4,4,4,5,4,5,6,4,4,4,5,5,4,6,3,4,5,6,5,4,2,5,5,5,4,4,12708
9,5,6,6,6,5,5,4,5,2,2,8,6,5,4,5,7,5,4,3,1,6,6,4,2,3,6,5,6,12708
9,7,8,6,6,6,5,5,4,3,5,9,7,5,4,6,6,5,7,4,2,9,6,7,3,4,5,6,7,12708
6,7,9,8,7,8,7,8,7,7,7,8,9,6,9,8,10,8,7,8,7,8,7,10,8,10,9,9,9,12708
6,8,9,10,9,10,9,7,10,8,8,7,10,8,6,6,8,7,8,9,10,9,8,8,7,9,8,10,10,12708
5,6,3,6,2,4,5,3,3,4,3,3,5,5,4,5,5,3,4,3,4,3,5,3,4,4,4,4,3,12708
4,4,5,5,4,4,5,3,3,3,3,2,5,5,4,3,5,3,1,5,3,3,5,3,3,4,6,4,4,12708
6,8,7,9,8,7,7,7,6,6,7,6,6,7,8,7,7,8,8,7,7,7,6,8,8,9,8,7,6,12708
2,2,5,3,4,2,3,5,5,5,5,3,2,3,4,4,2,4,3,4,5,4,4,3,5,4,2,4,4,12708
6,4,5,5,5,6,9,4,4,1,3,6,5,1,6,4,7,5,4,4,3,2,5,5,2,5,6,4,4,12708
6,7,7,8,9,8,6,6,8,8,8,6,7,8,7,8,5,6,8,8,7,8,7,7,8,6,7,7,7,12708
6,7,5,7,7,7,10,6,5,6,6,5,7,3,7,6,6,7,5,7,6,6,4,7,6,8,8,8,7,12708
1,3,5,3,5,2,4,5,6,5,6,5,4,1,1,4,3,4,4,5,5,4,3,4,5,4,2,2,2,12708
4,6,5,3,4,6,5,5,4,5,5,4,3,3,4,4,3,3,4,4,5,5,3,5,5,2,4,6,5,12708
7,8,6,7,8,7,6,9,7,9,10,7,6,8,8,8,5,8,9,6,9,7,9,8,9,6,8,7,7,12708
8,9,6,8,7,7,6,7,6,7,6,7,6,6,8,7,8,9,8,7,7,7,7,9,7,8,6,8,6,12708
4,5,5,6,2,4,4,5,3,4,2,2,4,5,5,3,4,4,3,6,4,4,4,5,3,3,5,3,2,12708
4,4,5,2,6,4,2,6,6,7,7,5,4,7,4,5,3,3,4,6,6,6,1,4,6,4,5,5,5,12708
4,3,4,3,4,4,3,5,4,5,4,5,1,4,4,5,3,2,3,1,5,5,4,5,6,4,2,2,5,12708
5,5,5,6,5,6,4,5,5,6,5,6,6,5,6,6,7,6,3,4,4,6,4,5,5,6,7,5,5,12708
6,5,5,6,5,5,5,5,5,4,5,6,5,5,6,6,7,5,5,5,4,5,4,5,4,5,5,5,6,12708
7,6,7,9,9,8,8,6,7,7,7,5,9,7,7,7,7,6,6,8,7,7,7,7,6,6,7,7,8,12708
6,7,7,9,6,8,6,8,8,9,7,7,8,8,7,8,5,8,9,9,8,6,8,7,8,7,7,7,7,12708
8,6,5,5,6,6,10,4,6,3,5,8,6,5,8,7,8,6,5,6,3,6,5,7,4,7,6,5,5,12708
3,5,1,5,3,5,5,3,2,3,2,2,5,5,3,3,3,4,1,3,2,2,5,1,2,5,6,2,3,12708
1,1,5,4,3,2,4,3,3,4,3,4,2,4,3,1,4,3,3,5,4,3,5,4,3,2,4,1,3,12708
7,6,6,3,6,7,3,7,6,5,6,5,5,4,6,7,6,6,5,6,6,6,3,6,6,3,4,5,6,12708
6,7,6,6,6,5,6,6,7,7,9,6,8,1,4,7,4,6,6,8,8,7,7,7,6,7,7,7,9,12708
5,1,4,2,3,4,4,3,6,7,5,4,1,7,3,5,1,4,6,4,5,5,2,4,6,1,2,1,5,12708
7,8,7,9,9,10,9,7,8,8,8,7,8,7,7,9,6,6,6,9,8,9,8,7,7,7,9,9,9,12708
1,4,6,4,5,2,4,6,5,5,5,5,4,2,2,4,4,4,4,5,4,4,3,4,5,6,2,2,3,12708
3,4,2,2,3,2,4,3,3,4,4,2,2,4,2,2,3,4,3,4,4,3,6,2,5,3,4,4,4,12708
4,4,4,3,4,4,3,6,5,6,6,5,4,8,5,7,4,3,5,5,5,5,1,5,6,3,5,5,5,12708
5,5,6,6,7,4,7,6,5,5,7,4,6,3,5,5,5,5,5,8,6,6,6,7,5,5,7,6,6,12708
4,2,2,4,3,3,5,2,2,2,1,2,5,5,2,2,5,1,1,2,1,1,5,4,2,4,6,2,3,12708
6,4,8,6,5,6,6,4,4,6,5,5,5,4,5,6,6,5,5,5,5,7,6,6,4,6,5,5,4,12708
8,8,8,8,7,7,8,6,10,7,9,7,9,10,7,9,5,9,10,6,9,6,7,7,10,6,10,7,7,12708
4,4,3,5,3,3,5,2,3,3,1,3,5,5,5,4,6,5,2,3,3,2,5,5,3,3,5,3,5,12708
4,5,5,6,4,2,5,4,5,4,5,5,5,5,5,5,8,4,5,5,5,5,4,6,5,5,6,5,5,12708
3,2,1,5,4,2,4,1,1,2,2,1,4,5,4,1,4,4,4,2,1,1,5,2,3,3,6,4,2,12708
4,4,4,6,6,7,6,5,5,7,6,4,6,2,4,5,2,4,6,6,6,6,1,4,6,5,7,5,6,12708
4,2,5,1,2,4,3,3,5,5,4,3,3,3,3,4,2,1,5,4,5,4,4,3,5,3,3,3,3,12708
4,5,6,5,6,5,5,6,6,6,6,7,6,6,6,6,5,6,5,4,5,6,4,6,6,5,5,6,7,12708
4,4,5,4,5,5,2,5,5,5,5,5,3,4,5,4,5,4,5,3,5,5,4,3,5,3,5,5,6,12708
6,5,6,7,5,5,5,3,3,4,3,8,7,5,5,6,5,5,5,4,4,6,5,5,2,3,5,4,4,12708
8,6,8,6,5,5,6,6,5,3,5,6,6,5,7,6,7,7,7,6,4,4,7,7,5,7,5,7,4,12708
3,4,2,4,1,1,3,2,2,3,2,1,3,4,3,2,4,4,2,2,3,3,4,2,3,4,4,3,2,12708
7,6,6,5,6,6,4,7,6,5,6,5,4,7,6,7,7,6,5,6,6,6,6,6,5,7,8,6,6,12708
3,4,5,4,2,3,3,2,3,4,1,3,4,2,2,3,4,4,3,2,4,3,5,3,4,4,6,3,3,12708
4,5,4,4,4,3,4,5,6,6,4,5,3,6,5,4,5,5,3,4,5,5,4,3,6,5,4,5,5,12708
10,8,10,10,8,9,9,10,9,10,8,10,10,7,10,9,7,10,10,9,9,10,10,10,9,8,9,9,8,12708
6,6,2,6,5,5,5,1,2,4,2,6,5,4,5,5,7,5,4,3,2,4,5,4,3,3,5,6,4,12708
7,7,6,7,6,6,4,6,4,6,6,5,6,6,5,5,4,7,5,4,6,5,7,5,6,7,3,7,6,12708
8,7,6,8,8,7,10,7,8,6,6,8,8,6,9,9,10,7,7,5,7,7,7,9,5,9,9,8,8,12708
7,8,9,10,9,9,9,10,10,9,7,7,9,8,8,9,9,8,9,10,7,10,8,7,9,7,9,9,10,12708
6,5,4,3,5,5,3,6,6,5,6,5,4,6,4,4,5,5,6,5,5,5,2,4,6,5,3,5,5,12708
5,6,7,7,8,7,5,7,7,8,6,5,8,7,7,8,7,6,6,9,7,7,6,6,7,6,7,7,6,12708
6,6,3,6,4,6,5,4,4,4,4,6,6,5,6,5,6,6,7,5,3,4,5,6,4,5,4,6,4,12708
7,8,7,7,7,7,6,6,6,5,7,5,8,8,5,6,6,7,6,7,6,8,8,5,6,8,5,7,9,12708
4,6,5,7,5,5,4,6,3,4,5,6,5,6,5,5,3,7,5,5,7,6,6,6,4,6,5,6,6,12708
5,5,6,7,6,4,4,6,7,9,7,6,7,2,5,6,4,6,6,7,7,5,6,5,7,6,5,6,6,12708
6,9,6,6,6,7,6,8,6,6,8,7,7,3,7,7,6,7,5,6,7,6,6,8,6,8,7,8,7,12708
2,4,6,5,5,3,4,5,6,5,5,4,5,6,3,3,3,3,4,5,5,4,3,3,5,4,3,3,3,12708
6,4,3,5,4,4,7,4,2,3,3,3,5,5,6,3,6,4,4,3,2,2,5,1,2,4,5,4,4,12708
7,6,7,7,7,7,6,6,7,8,7,6,8,8,6,7,5,7,7,8,9,8,9,8,8,9,7,7,10,12708
8,7,6,7,6,6,5,7,7,6,5,9,7,6,8,6,7,7,7,6,7,6,7,8,8,7,7,7,6,12708
4,3,4,4,3,4,2,4,5,6,5,4,3,3,2,2,3,2,4,3,5,4,3,4,4,4,2,4,5,12708
3,5,5,4,5,1,4,6,5,5,5,6,2,6,7,4,4,6,4,5,6,5,7,5,6,6,3,6,6,12708
6,5,2,5,5,3,6,3,5,1,3,6,6,4,5,4,7,5,7,4,3,3,5,5,1,5,6,4,6,12708
5,6,7,4,5,7,6,8,6,7,8,7,9,9,6,7,5,6,8,7,7,8,8,7,8,7,9,6,7,12708
5,6,4,7,5,5,5,7,6,7,7,5,7,8,4,6,5,5,6,6,6,6,6,6,7,6,5,6,5,12708
1,4,4,3,4,1,2,5,4,5,3,3,2,4,5,1,4,4,3,5,4,3,3,4,4,2,1,3,2,12708
2,4,4,4,5,3,4,5,6,5,6,4,5,2,3,4,4,4,4,5,5,5,2,4,5,4,3,3,3,12708
7,1,3,3,4,5,5,4,4,6,5,4,4,2,4,5,6,5,3,3,4,4,4,4,5,4,4,4,3,12708
9,8,8,7,9,7,8,7,5,6,6,8,8,6,7,6,8,7,7,9,6,8,7,8,6,8,7,8,9,12708
7,6,8,7,6,5,6,7,7,6,5,7,6,6,7,7,6,6,6,6,6,8,6,5,7,5,6,6,7,12708
4,3,3,4,1,4,4,2,3,4,3,3,3,4,5,4,5,3,3,3,4,4,4,3,3,4,5,3,4,12708
6,6,6,4,7,8,5,7,8,8,9,6,7,9,6,8,5,8,9,7,8,7,8,6,10,6,5,6,7,12708
6,6,6,4,7,8,6,7,6,8,8,6,6,10,6,8,5,7,8,7,8,6,7,6,9,6,3,6,7,12708
2,3,4,1,3,2,2,4,5,5,4,4,2,4,2,2,1,4,4,4,5,4,3,3,4,2,4,1,1,12708
5,5,4,7,5,3,6,4,4,5,4,4,4,4,3,3,5,4,4,5,6,5,2,4,4,6,7,4,6,12708
2,3,3,2,1,1,1,3,4,5,4,1,1,4,1,1,1,1,3,1,4,3,3,3,4,1,1,3,1,12708
7,10,7,9,9,9,8,7,8,8,10,7,8,7,7,9,6,8,8,8,10,8,9,8,7,10,7,9,9,12708
5,5,6,3,7,5,5,7,8,7,7,5,4,7,6,7,4,6,6,6,7,6,7,6,7,4,2,6,5,12708
5,3,3,5,3,3,5,4,3,1,1,3,5,4,3,4,5,5,2,4,2,6,5,2,1,5,6,3,5,12708
5,7,7,9,7,8,6,7,8,8,10,7,8,8,7,7,5,7,8,8,9,7,9,7,9,6,8,8,8,12708
3,4,5,5,4,3,3,5,1,4,2,2,2,5,6,2,6,5,2,5,3,2,5,2,3,4,3,3,2,12708
5,6,7,6,7,9,6,9,8,7,7,7,7,7,7,8,7,6,6,8,6,8,7,6,7,7,8,7,7,12708
8,6,8,7,7,5,6,5,3,3,4,8,7,5,5,5,6,7,6,5,2,9,6,6,4,4,5,6,7,12708
7,6,6,5,5,6,6,4,7,3,4,8,6,4,8,5,6,7,4,5,4,4,5,7,5,5,6,6,6,12708
7,8,7,8,8,9,7,10,9,9,7,7,9,7,10,10,7,9,8,8,9,8,9,7,9,8,8,8,8,12708
4,8,6,7,6,4,6,6,6,6,9,5,6,7,6,5,3,7,6,10,7,5,8,5,6,8,1,6,4,12708
9,6,5,5,5,8,7,6,8,3,5,8,6,5,9,8,8,7,7,6,4,5,6,7,5,7,5,7,4,12708
8,8,8,8,7,9,8,8,9,10,9,7,8,8,7,7,6,10,8,9,8,7,7,7,9,9,4,10,9,12708
4,6,1,5,4,4,5,2,1,2,3,2,5,5,3,3,6,3,2,3,3,2,5,1,3,4,6,4,4,12708
8,4,5,5,7,5,8,5,6,5,5,6,6,3,5,5,6,6,6,8,6,5,7,5,6,6,7,6,6,12708
7,6,2,5,5,4,7,4,5,2,4,8,5,5,6,6,8,6,7,4,3,2,5,5,3,5,6,5,4,12708
6,5,6,3,4,5,2,6,6,7,6,6,4,7,6,7,4,6,5,4,6,5,6,6,7,5,5,5,5,12708
3,4,5,4,6,5,3,5,6,5,5,4,2,6,4,5,4,3,4,5,4,5,3,4,6,6,5,4,3,12708
3,1,4,1,3,4,4,4,4,6,4,4,4,3,1,2,1,2,4,4,5,4,3,3,4,1,4,1,1,12708
4,5,7,5,5,5,6,6,7,6,4,8,4,5,7,4,8,6,5,6,4,7,4,5,5,6,6,4,6,12708
5,5,6,2,4,4,1,4,4,6,6,5,5,4,5,4,4,2,5,3,5,4,4,6,5,2,4,5,5,12708
5,3,4,2,3,3,2,3,4,6,4,3,3,3,3,3,2,2,4,2,4,5,4,4,5,4,4,3,1,12708
6,6,3,6,5,6,6,4,5,3,4,8,5,5,8,5,9,7,7,5,3,5,5,6,4,6,4,6,5,12708
3,5,7,6,6,4,5,5,7,5,7,5,4,2,4,6,4,5,6,8,7,7,6,5,7,5,1,6,7,12708
6,7,6,7,5,6,5,6,4,4,5,6,7,6,7,6,6,7,7,7,7,4,5,6,5,7,3,6,4,12708
3,4,2,5,3,3,4,1,1,2,3,1,5,5,4,3,6,5,2,4,1,1,5,5,2,5,6,4,3,12708
6,5,3,5,4,6,7,4,2,3,5,5,6,5,6,4,5,5,2,3,4,3,5,5,3,5,5,5,5,12708
9,7,6,6,7,6,6,5,3,4,5,9,7,6,6,6,6,5,7,6,3,9,6,6,4,3,6,7,7,12708
4,3,4,1,2,4,3,4,5,6,4,4,3,8,3,4,2,1,3,3,5,5,2,4,5,1,5,2,3,12708
3,3,2,5,1,3,1,1,4,2,3,2,4,4,3,3,5,6,2,1,3,3,5,5,2,5,6,3,4,12708
7,3,4,5,8,6,6,6,5,4,6,5,7,6,5,5,8,5,5,4,6,6,4,5,4,5,7,5,5,12708
7,5,7,5,10,7,7,7,8,8,9,6,6,9,5,7,5,6,6,7,7,6,8,6,8,6,7,6,6,12708
8,8,9,8,6,8,8,7,8,9,7,7,6,7,8,8,6,7,7,8,8,8,8,8,7,7,4,7,8,12708
6,6,6,8,6,7,7,10,6,9,7,6,5,8,6,8,4,8,7,7,8,6,8,8,8,6,4,8,7,12708
6,7,7,3,6,8,6,7,6,7,8,6,6,7,6,7,4,6,6,7,8,7,8,6,8,6,7,6,6,12708
5,5,7,5,7,6,6,7,7,6,6,7,4,8,5,7,7,6,5,6,6,5,6,6,7,5,7,5,6,12708
9,7,8,9,10,8,9,9,9,6,6,10,8,6,10,6,8,8,9,7,5,9,7,7,6,6,8,8,8,12708
7,5,6,4,7,7,7,7,7,8,8,5,5,10,5,6,5,6,7,4,8,5,6,5,8,5,4,5,5,12708
9,7,8,7,8,8,8,8,8,5,7,9,7,6,9,10,9,9,7,6,7,7,9,9,7,9,5,8,8,12708
7,5,5,3,7,6,6,6,7,6,7,5,4,6,5,6,7,4,5,6,6,6,6,5,5,5,7,5,6,12708
3,6,3,6,4,4,5,6,5,4,3,6,3,1,6,5,7,5,3,6,5,3,5,5,4,6,5,4,5,12708
7,8,6,6,8,7,7,7,9,7,8,9,9,9,7,8,6,8,8,7,9,7,6,8,8,9,10,8,8,12708
4,3,3,5,4,4,6,3,2,3,4,3,4,4,5,4,4,5,1,6,3,3,5,3,3,5,6,4,4,12708
6,7,5,6,5,6,3,5,5,3,5,6,3,4,7,5,8,7,7,5,4,3,5,5,4,7,6,5,2,12708
7,6,7,4,10,10,7,9,7,7,9,6,7,9,6,9,6,6,7,8,9,10,10,6,8,6,7,5,8,12708
5,4,5,3,5,6,4,5,5,6,6,5,5,3,5,6,4,4,6,4,5,5,2,4,5,5,4,5,5,12708
4,7,5,6,7,6,6,5,4,6,6,5,6,3,4,5,4,4,5,6,6,6,6,4,5,6,7,5,6,12708
5,5,5,2,6,5,4,5,6,7,8,4,4,7,4,5,3,3,6,6,8,5,6,6,6,7,3,5,7,12708
7,5,7,4,8,7,10,8,5,7,8,5,7,7,7,6,6,5,6,7,7,7,7,7,6,6,8,5,6,12708
10,7,8,8,8,7,8,8,8,6,7,9,7,6,8,8,9,10,8,7,8,8,8,10,7,8,6,8,7,12708
2,3,4,4,3,3,4,4,4,5,5,4,4,3,2,3,2,3,5,5,4,4,3,4,4,2,3,4,3,12708
6,4,4,6,4,5,5,5,5,2,3,6,4,6,6,5,8,6,4,4,2,5,5,5,5,5,4,5,6,12709
5,3,5,4,3,4,5,5,3,4,4,3,4,4,4,4,6,5,3,5,5,4,5,4,4,5,3,5,5,12709
5,6,8,6,4,4,7,5,5,4,4,8,7,5,6,6,5,6,5,6,3,4,5,6,4,5,5,5,4,12709
6,7,6,7,6,6,6,6,6,5,7,7,6,6,9,7,9,8,10,6,6,6,7,9,6,8,6,8,8,12709
5,5,5,5,5,5,5,5,7,4,5,5,4,6,5,6,7,5,5,4,5,5,4,5,6,5,6,5,6,12709
7,5,6,6,6,6,6,5,5,4,5,7,4,6,7,6,6,6,7,5,5,4,7,6,5,6,6,6,5,12709
2,2,4,2,2,1,4,4,4,5,4,5,2,1,2,2,2,4,4,4,4,3,2,5,4,2,4,3,2,12709
6,3,3,2,4,5,5,5,4,5,4,4,5,4,5,4,3,6,4,5,5,5,4,5,5,7,5,6,6,12709
6,6,7,6,7,8,8,7,7,6,7,6,5,1,6,6,6,6,6,9,6,6,6,6,6,7,6,7,7,12709
9,10,8,10,9,10,10,9,10,7,10,10,10,7,10,10,10,9,10,8,9,10,10,10,10,10,10,9,9,12709
6,6,6,6,6,6,6,6,6,5,6,7,5,6,6,7,7,6,6,7,6,7,6,7,6,6,6,7,7,12709
6,4,4,5,3,4,3,1,1,2,1,3,5,5,4,3,6,5,1,4,1,4,5,6,1,5,3,5,4,12709
7,7,7,8,6,7,6,6,7,8,8,5,6,7,5,6,3,5,7,7,7,6,7,5,6,6,7,6,5,12709
7,8,6,6,7,6,6,7,6,5,6,7,7,6,6,7,8,8,7,6,6,6,8,6,7,9,5,8,7,12709
7,1,5,5,6,5,5,5,6,7,6,5,6,7,4,5,2,4,5,5,5,5,1,5,6,4,5,4,4,12709
6,5,5,6,4,4,5,2,3,2,3,2,5,5,5,5,7,6,3,4,2,4,5,1,3,4,3,5,4,12709
5,6,5,5,6,5,5,5,7,8,5,5,6,7,4,6,6,4,7,6,7,5,6,6,7,6,6,5,5,12709
7,8,7,8,7,9,7,7,8,7,7,6,6,7,5,7,6,7,7,7,7,8,8,5,6,6,8,6,6,12709
7,5,5,4,5,5,5,5,6,6,6,4,6,1,4,5,2,3,5,5,5,5,1,6,5,4,6,4,5,12709
10,10,10,7,7,7,8,8,9,8,8,9,7,6,7,10,8,7,7,5,8,9,7,8,8,6,7,8,9,12709
6,7,6,7,7,6,5,7,7,10,8,7,7,7,8,8,5,7,7,7,7,7,7,8,8,7,6,6,7,12709
6,7,5,6,6,6,6,5,5,4,5,6,5,6,8,7,8,8,9,6,5,4,6,7,6,7,5,8,7,12709
4,5,4,5,5,6,4,6,6,4,5,7,3,6,7,6,6,5,5,5,5,5,5,6,5,5,5,5,5,12709
5,5,6,5,7,6,7,6,6,8,7,6,6,9,5,6,4,5,6,7,6,7,7,5,6,6,8,6,5,12709
2,3,3,3,5,4,5,6,4,5,5,5,6,3,2,3,3,3,4,4,4,5,3,5,4,3,4,3,1,12709
4,6,5,5,4,5,4,5,5,5,7,6,6,2,5,5,4,6,5,7,7,7,7,4,5,5,6,5,6,12709
4,3,4,4,5,4,5,4,5,5,6,5,5,3,3,4,3,3,4,4,5,5,2,5,5,2,5,2,5,12709
6,7,7,5,6,7,6,8,7,6,7,6,7,3,7,6,6,6,5,5,6,6,6,5,7,6,7,6,6,12709
8,7,7,9,8,9,9,8,8,7,8,8,8,6,9,7,9,9,7,9,9,10,7,8,9,9,9,10,8,12709
8,9,7,7,9,9,10,8,9,7,7,8,10,4,8,9,10,10,8,6,9,9,8,8,10,10,9,9,9,12709
5,6,5,5,4,5,5,6,7,6,6,6,5,6,6,6,5,5,5,4,6,6,2,6,7,6,7,5,6,12709
4,2,5,4,5,3,5,5,5,5,5,5,6,3,3,3,3,3,4,4,5,5,2,4,5,4,4,4,1,12709
6,6,5,6,8,7,6,6,6,5,6,6,5,2,4,6,7,6,5,9,6,6,6,4,5,6,6,6,5,12709
1,3,3,1,3,2,4,4,4,5,4,5,1,2,3,2,2,4,4,4,3,4,3,5,4,5,3,3,2,12709
5,7,9,7,9,8,8,7,8,10,9,8,9,7,6,7,6,8,7,8,8,8,9,7,8,8,8,8,8,12709
5,5,5,4,3,4,5,6,4,5,5,4,5,3,5,5,3,5,4,5,4,5,3,5,5,2,5,4,2,12709
6,9,7,7,7,8,8,9,9,8,8,9,7,7,9,9,6,8,9,7,8,8,8,8,9,8,7,9,8,12709
5,2,4,4,3,5,4,4,4,4,3,4,4,3,4,4,4,4,4,5,5,5,4,5,4,1,4,4,5,12709
6,7,7,3,5,7,8,8,5,6,6,6,5,3,6,6,5,5,5,6,6,6,2,7,5,4,7,7,5,12709
4,4,4,5,3,4,4,3,3,3,2,4,5,5,4,4,6,4,4,4,4,4,4,3,3,3,4,4,5,12709
4,5,5,4,5,2,5,5,5,5,5,5,4,4,3,4,4,4,4,5,3,4,5,4,4,3,4,4,5,12709
6,6,7,6,7,6,7,8,8,6,6,6,6,6,7,6,8,6,6,7,6,6,6,7,5,7,7,6,6,12709
1,3,4,3,5,4,5,5,5,5,5,5,7,4,1,3,4,4,4,8,4,5,3,5,4,5,5,5,1,12709
4,4,4,5,4,3,4,2,2,2,4,5,4,6,5,4,5,6,3,4,2,2,5,1,3,5,2,5,4,12709
5,5,4,5,4,4,4,5,5,3,4,5,3,5,5,4,5,4,5,4,5,4,5,3,4,3,5,5,3,12709
5,2,4,3,5,3,4,4,4,6,5,4,3,4,4,4,2,3,5,2,5,5,2,4,5,2,5,2,4,12709
7,7,9,7,8,7,7,7,7,10,9,7,9,8,5,7,6,8,7,9,8,8,8,7,8,8,6,7,8,12709
7,7,8,7,10,10,10,8,8,8,9,7,9,9,7,8,7,7,7,8,8,8,9,6,8,7,8,8,6,12709
3,3,2,3,1,4,1,3,3,4,2,3,2,5,3,3,1,1,2,1,4,3,5,3,3,4,3,2,3,12709
3,4,3,3,2,5,1,3,3,3,2,3,2,6,1,3,2,1,2,1,4,4,5,3,2,1,4,4,4,12709
6,8,6,5,6,6,6,5,6,5,7,8,6,4,6,5,4,7,6,6,7,6,7,6,7,6,7,7,7,12709
3,4,4,3,2,4,3,3,3,4,2,3,3,4,4,3,4,2,2,3,4,4,5,3,3,3,3,3,4,12709
7,7,10,8,10,5,9,8,7,7,6,9,7,6,7,10,9,7,9,6,6,8,8,9,7,7,6,8,9,12709
5,5,7,4,4,5,6,6,5,7,5,5,3,9,5,5,3,4,5,3,6,6,2,5,5,3,6,5,4,12709
7,8,9,5,7,6,6,7,7,9,7,8,7,8,5,6,5,8,6,8,7,6,7,6,7,7,7,7,8,12709
6,5,4,6,4,5,4,5,5,6,5,4,4,6,6,5,5,4,5,5,5,5,4,5,6,5,6,5,5,12709
5,6,5,7,7,5,6,5,5,5,7,8,8,4,4,5,6,6,4,8,6,6,7,6,7,7,7,6,7,12709
5,6,7,6,4,5,5,6,8,5,5,6,4,6,7,6,7,6,7,6,6,6,6,6,6,6,6,6,7,12709
3,4,3,5,3,2,2,2,1,1,2,1,4,5,2,1,4,2,1,2,2,1,5,3,2,4,1,3,4,12709
6,5,6,5,4,6,7,6,5,6,5,4,5,3,5,6,7,5,6,7,5,6,3,6,6,4,5,6,6,12709
5,1,5,3,4,5,5,5,6,6,5,4,3,3,4,5,1,4,5,4,5,5,3,5,5,3,5,5,3,12709
6,7,5,6,4,7,7,5,3,3,4,1,5,5,6,5,7,6,9,4,1,6,6,6,3,5,3,6,6,12709
4,3,4,4,2,4,4,3,4,4,3,4,3,4,4,3,1,1,4,1,4,4,5,3,4,1,4,2,4,12709
6,7,6,5,6,6,5,7,7,9,8,6,6,7,6,7,4,6,7,7,7,8,6,5,6,4,6,6,7,12709
4,3,5,4,4,5,6,6,5,5,5,7,7,2,4,5,5,6,6,6,5,6,6,5,5,5,5,5,7,12709
7,8,7,8,8,9,7,7,7,7,10,7,7,10,7,8,7,9,8,6,10,9,8,7,8,8,10,8,8,12709
6,1,6,4,4,5,5,5,5,6,5,4,6,7,4,5,4,3,5,5,5,5,3,5,5,4,5,5,5,12709
5,5,6,4,4,5,6,6,6,8,6,6,4,8,5,6,4,4,6,5,6,6,6,5,7,4,6,4,5,12709
5,4,5,4,5,5,4,4,4,6,5,4,5,4,4,5,4,5,4,5,5,5,4,6,4,4,4,4,4,12709
1,3,3,3,5,4,3,5,4,5,5,5,5,4,1,3,3,3,4,4,4,5,3,4,5,3,3,3,2,12709
8,6,5,6,6,6,7,7,5,5,6,6,5,4,7,6,8,7,6,8,6,6,6,8,6,9,8,8,8,12709
3,4,5,5,5,3,4,4,3,2,1,3,4,6,2,4,4,3,3,5,3,3,5,2,2,5,1,3,4,12709
6,6,4,7,6,7,7,6,6,6,6,6,7,9,6,6,6,5,6,6,6,6,7,7,6,7,7,6,5,12709
3,5,4,6,5,4,3,4,2,2,3,3,5,5,6,5,7,7,5,4,2,1,5,2,3,5,3,6,6,12709
6,6,6,7,6,6,6,6,8,6,6,7,5,6,7,7,7,6,7,6,6,6,7,7,6,7,6,6,6,12709
10,9,10,8,9,8,10,10,9,9,8,10,9,6,10,10,10,9,10,5,9,9,8,10,9,10,9,10,10,12709
3,5,3,4,3,4,4,4,4,5,5,5,3,4,3,3,2,3,4,3,5,4,4,4,5,4,5,4,2,12709
1,4,1,3,2,1,2,4,4,4,2,2,1,4,2,1,3,3,3,3,3,3,4,4,3,2,2,1,2,12709
6,6,6,6,4,7,6,6,6,5,5,6,6,6,7,6,7,6,6,7,6,6,6,8,6,6,5,6,6,12709
8,7,8,8,9,10,8,9,8,8,8,7,8,10,9,9,9,8,9,10,10,8,9,9,7,9,8,9,8,12709
6,8,8,7,7,7,8,6,7,7,7,8,7,6,5,7,7,7,5,7,9,7,6,6,7,6,8,7,9,12709
7,5,5,5,6,5,5,5,6,6,6,6,6,9,5,6,4,4,5,6,6,6,6,5,6,5,6,4,5,12709
6,8,7,7,8,8,9,9,6,7,8,6,6,9,7,7,7,7,7,8,7,8,6,8,8,8,8,7,6,12709
7,6,7,7,7,6,7,6,6,9,7,7,7,8,7,7,5,7,8,8,7,6,7,7,7,7,6,6,7,12709
3,4,3,5,3,4,3,3,3,3,3,5,3,5,3,3,4,2,3,3,4,4,5,3,3,4,4,4,4,12709
3,3,3,1,3,2,2,4,4,5,3,5,5,4,3,3,3,2,4,3,4,5,4,4,4,4,4,3,2,12709
7,7,7,8,7,6,7,8,7,7,7,7,8,10,6,7,5,6,8,5,8,6,9,5,8,6,7,5,5,12709
10,7,9,8,8,8,8,8,8,7,9,10,7,9,8,8,6,7,8,8,8,9,8,7,9,8,4,8,9,12709
10,10,8,8,7,10,9,8,10,6,10,8,10,10,8,9,8,10,10,6,10,9,10,8,10,7,10,7,8,12709
5,7,6,8,6,7,5,8,8,8,7,7,6,8,7,7,4,6,7,6,7,7,6,6,8,6,6,7,7,12709
7,7,8,8,7,7,7,7,6,7,8,6,8,8,5,7,5,7,8,6,8,8,8,7,7,7,7,7,7,12709
5,5,6,5,6,6,5,6,6,8,5,6,5,8,5,6,3,4,6,5,6,6,6,5,7,6,6,4,5,12709
8,9,8,8,8,8,6,7,8,9,10,9,9,8,8,7,7,8,8,7,8,8,8,7,8,7,9,8,7,12709
8,7,9,9,7,6,7,7,6,7,7,9,9,8,8,7,7,10,8,9,7,7,8,7,8,9,6,7,7,12709
3,2,4,4,5,5,5,4,4,5,5,5,6,3,3,3,3,3,4,4,5,5,3,4,5,4,5,3,1,12709
5,6,7,5,6,6,5,5,7,8,7,6,7,8,5,7,5,5,6,6,7,6,7,6,6,6,6,5,5,12709
7,6,5,5,6,4,5,4,5,3,3,5,5,5,5,5,5,6,5,4,3,4,5,2,5,3,5,4,5,12709
6,6,6,7,6,6,6,6,5,3,6,7,5,5,8,6,8,8,9,6,3,6,6,8,5,7,5,8,7,12709
6,6,5,6,4,6,5,3,3,4,4,2,6,5,6,5,7,5,5,5,3,3,5,6,3,5,3,5,4,12709
7,9,8,7,7,9,8,9,7,6,7,8,8,6,8,8,8,8,7,10,7,8,8,7,7,8,7,9,9,12709
8,8,9,9,8,8,7,8,7,9,9,7,9,8,9,7,6,9,8,8,8,8,9,8,8,9,9,8,7,12709
5,4,2,3,5,4,5,4,3,4,3,5,4,4,5,4,6,5,5,4,4,4,5,3,4,6,4,6,5,12709
2,4,2,1,1,2,2,3,3,3,4,3,3,5,1,2,1,2,2,1,3,2,4,4,2,3,2,2,3,12709
4,5,5,5,5,3,4,5,2,3,4,3,3,5,7,4,6,6,3,4,4,3,5,4,4,4,2,4,3,12709
4,6,7,7,9,8,7,7,8,8,6,6,6,6,6,7,7,5,6,7,6,7,7,6,7,6,7,6,6,12709
6,5,3,6,4,6,4,2,2,2,4,2,6,5,6,5,7,6,5,3,1,2,5,6,3,5,3,6,4,12709
8,9,8,10,8,9,9,9,10,6,8,8,8,8,10,9,7,9,9,8,10,8,8,9,9,9,10,10,8,12709
7,8,6,7,7,6,6,7,7,6,7,6,6,8,8,7,6,7,7,6,7,7,6,7,7,7,6,7,6,12709
4,6,3,5,2,3,6,4,5,2,4,3,5,5,4,2,7,4,3,4,4,2,5,1,2,3,2,5,5,12709
5,7,6,6,7,6,8,6,6,6,6,5,5,6,5,5,6,7,5,8,7,7,6,7,6,7,8,7,7,12709
3,4,1,1,1,3,2,2,2,3,1,2,2,6,1,1,3,3,2,3,3,3,4,4,2,5,2,1,4,12709
3,4,2,2,5,3,4,4,4,4,2,3,1,5,4,3,6,4,2,5,4,2,4,2,2,4,4,3,3,12709
5,5,7,4,6,5,5,5,6,7,6,4,5,7,4,6,5,4,6,6,6,5,1,4,6,5,6,5,6,12709
6,5,5,6,6,6,7,6,5,4,4,6,7,4,8,7,7,7,7,6,6,5,6,3,6,7,5,6,6,12709
3,4,3,4,2,4,1,3,3,3,3,4,5,5,3,2,4,5,3,3,4,4,5,3,1,4,3,4,3,12709
8,8,7,7,8,8,9,8,8,7,7,7,8,6,9,8,9,7,7,7,9,10,6,10,6,8,9,9,9,12709
6,5,4,5,2,3,5,5,3,4,4,3,3,5,7,4,6,6,3,6,4,3,4,7,5,5,4,4,3,12709
9,9,10,9,9,9,9,10,9,9,9,10,10,6,9,9,10,9,8,9,9,10,10,8,10,10,9,10,10,12709
4,1,2,2,5,5,4,4,4,4,4,4,4,4,3,3,5,4,4,4,5,4,4,4,4,3,5,5,3,12709
3,4,5,6,3,1,5,4,2,2,4,1,5,5,7,4,5,4,3,4,3,3,5,6,2,2,2,4,5,12709
6,8,8,7,7,5,6,7,6,7,7,8,8,7,6,6,6,7,5,9,7,7,6,6,6,7,6,6,8,12709
4,4,5,5,4,5,5,4,6,3,4,4,4,6,5,4,5,6,5,5,4,4,5,3,4,5,4,5,5,12709
9,8,5,7,6,7,7,7,5,6,6,8,7,4,8,6,9,8,7,7,3,6,6,7,7,9,5,7,7,12709
7,5,5,5,4,5,5,5,5,6,5,4,4,2,5,5,4,5,5,4,5,5,2,5,5,4,5,5,6,12709
9,6,7,7,10,8,8,7,8,7,6,8,8,7,8,8,8,7,7,10,7,7,8,9,8,8,7,9,7,12709
8,6,6,7,6,7,7,6,6,6,6,7,6,2,5,6,6,6,6,7,6,7,6,6,5,6,7,6,6,12709
4,5,3,3,5,4,4,3,3,4,3,4,5,5,4,4,5,4,5,4,4,4,4,3,3,3,4,4,3,12709
8,6,7,8,7,8,7,6,7,7,6,5,8,7,6,7,6,5,7,7,7,7,7,5,6,6,8,6,6,12709
2,3,3,3,5,4,4,5,5,5,5,6,7,2,3,4,3,4,4,6,4,5,3,5,5,3,5,4,1,12709
5,5,5,5,6,5,7,6,6,7,6,6,5,8,6,5,4,4,6,6,6,6,7,6,6,6,5,5,5,12709
4,5,6,4,6,4,4,5,5,5,7,5,5,3,4,5,4,5,5,6,6,5,6,4,5,4,4,5,6,12709
2,4,1,2,3,2,2,3,4,4,3,2,2,5,3,2,3,4,3,4,3,3,4,4,3,5,4,4,5,12709
5,5,5,4,5,5,4,4,5,6,5,5,4,6,5,5,3,3,3,1,5,5,4,5,6,1,6,3,4,12709
6,5,6,6,6,7,7,7,6,7,6,6,7,1,7,6,6,5,6,5,6,7,7,6,6,7,7,6,6,12709
5,5,6,5,6,6,6,6,6,6,6,6,6,7,6,6,5,5,6,6,6,6,6,6,6,6,7,5,6,12709
5,6,6,7,7,7,8,8,7,5,7,7,6,6,6,6,6,6,6,7,7,7,6,7,6,7,7,7,7,12709
6,9,5,6,6,5,6,6,6,6,5,6,6,7,6,5,5,5,6,6,6,5,4,7,7,6,6,6,5,12709
5,7,7,5,7,6,5,6,7,7,8,5,8,8,6,7,5,6,6,5,8,6,7,5,7,6,7,6,6,12709
4,4,4,4,1,4,1,3,4,3,5,4,3,5,4,4,4,1,3,2,5,4,4,4,4,1,6,2,3,12709
5,6,6,4,6,6,4,5,5,6,7,6,4,4,5,5,4,5,6,5,7,5,6,5,6,5,6,5,5,12709
4,4,2,3,5,3,2,4,2,4,3,2,4,5,3,3,4,2,5,3,4,2,5,2,4,4,5,3,3,12709
3,4,4,5,3,3,3,2,1,1,2,2,4,6,2,1,6,1,1,5,1,3,5,3,1,5,1,2,4,12709
9,7,7,8,8,8,7,7,8,9,9,7,7,7,6,7,6,8,9,7,8,8,9,8,8,8,8,9,8,12709
4,4,4,5,3,4,3,3,2,3,2,2,4,6,4,3,5,5,5,3,2,1,5,2,3,4,3,4,4,12709
8,7,10,8,6,7,7,10,8,8,7,9,7,7,9,9,10,8,8,9,7,7,8,8,7,8,8,8,10,12709
7,8,6,6,6,7,7,6,6,5,5,5,7,6,6,7,5,6,6,5,5,7,4,7,6,6,6,7,6,12709
7,7,8,7,6,7,7,6,6,7,5,6,7,4,5,6,5,5,6,6,5,6,3,5,7,5,7,7,7,12709
5,5,6,8,7,8,7,7,6,8,6,6,8,7,6,7,5,5,6,7,7,7,7,5,6,6,8,5,6,12709
6,6,8,6,5,6,6,7,5,4,6,7,7,5,8,6,7,7,7,7,6,6,7,9,6,8,6,7,7,12709
4,4,4,5,5,4,3,3,5,3,4,4,5,5,5,4,6,4,4,4,4,4,4,3,4,4,5,4,5,12709
3,3,6,4,4,1,4,5,5,5,6,5,3,1,5,4,4,4,4,5,5,5,1,6,4,5,4,4,3,12709
8,6,7,9,9,8,8,8,8,8,7,7,6,7,7,8,7,7,6,8,7,7,9,8,7,7,6,7,7,12709
8,10,8,9,8,8,8,9,9,6,8,7,9,7,9,8,9,10,8,7,9,9,8,8,9,8,9,9,7,12709
8,3,4,6,6,3,6,5,6,1,5,9,6,5,7,6,9,6,7,5,4,4,5,3,4,6,4,6,6,12709
4,4,4,6,3,3,4,1,1,1,3,1,5,5,3,4,6,3,1,3,1,3,5,2,1,5,1,3,4,12709
6,6,6,6,6,7,6,6,5,8,6,6,8,4,7,6,9,9,8,6,7,7,6,6,6,8,5,8,7,12709
7,6,7,8,8,9,9,10,7,7,7,7,8,9,7,8,7,5,7,6,8,7,10,6,8,7,8,7,6,12709
8,7,9,9,7,6,7,7,7,6,6,10,6,3,6,8,7,7,6,8,6,7,7,7,7,7,5,7,10,12709
7,6,7,10,8,6,6,7,7,10,9,7,7,8,6,7,7,7,7,8,8,8,7,7,7,6,8,7,8,12709
8,8,7,10,9,9,8,9,10,7,10,8,8,9,7,9,7,7,8,7,10,9,10,7,9,6,10,8,8,12709
5,3,6,4,7,5,6,6,6,6,6,6,4,2,6,6,5,5,6,6,5,7,3,4,5,6,7,6,6,12709
5,2,4,4,5,5,3,3,4,6,5,4,3,3,4,5,5,3,4,3,5,5,3,3,5,3,5,3,5,12709
4,5,6,6,4,5,5,4,5,5,5,5,6,4,4,4,4,5,6,5,6,5,3,5,6,5,4,5,6,12709
5,2,6,4,5,5,4,4,4,7,5,4,3,7,5,5,3,3,5,3,5,5,3,5,5,2,5,2,4,12709
5,5,5,6,3,3,4,1,5,1,1,5,5,5,5,4,6,6,1,2,2,1,5,1,1,4,1,4,4,12709
4,4,3,4,5,4,3,4,4,4,4,5,3,4,4,4,5,5,3,3,4,4,4,4,3,5,3,4,3,12709
5,5,6,5,4,6,5,5,6,8,6,4,6,8,5,5,5,4,5,6,6,5,1,5,5,4,6,4,5,12709
8,8,8,9,7,7,6,7,7,7,8,7,8,8,6,8,6,7,8,7,8,9,7,6,8,7,9,7,7,12709
4,6,5,6,4,6,4,3,3,4,4,1,6,5,6,5,7,6,5,5,3,2,6,6,3,5,3,6,4,12709
5,1,4,3,5,5,3,4,4,6,5,4,4,2,5,5,2,4,4,2,5,5,3,4,5,3,5,2,4,12709
7,7,6,7,8,7,6,8,7,5,6,7,6,4,7,6,8,7,7,9,6,7,6,9,6,7,6,6,6,12709
9,7,8,7,6,7,8,7,7,9,8,6,7,7,7,6,6,7,6,10,7,7,7,7,7,8,6,7,7,12709
7,6,6,8,8,7,7,7,9,7,8,8,8,7,6,8,5,6,6,7,8,6,7,6,8,6,7,6,6,12709
7,7,6,7,7,7,6,7,9,7,8,7,7,7,7,8,6,8,6,5,8,7,6,6,9,7,8,7,8,12709
3,4,2,5,4,3,2,1,1,3,1,3,5,5,4,4,4,3,2,2,2,1,5,1,2,4,3,3,4,12709
4,5,6,4,4,5,6,5,5,4,6,5,4,6,7,5,6,5,4,5,5,5,4,6,5,6,5,5,6,12709
9,7,9,7,10,8,8,7,8,10,7,8,7,7,6,9,8,7,6,7,7,8,7,7,8,6,6,7,10,12709
6,6,4,4,5,6,4,5,5,6,6,5,6,3,5,5,5,5,6,4,6,6,2,4,5,4,7,5,6,12709
7,6,8,6,6,6,7,5,4,5,4,5,6,5,8,5,7,7,7,5,4,4,6,8,5,5,4,6,5,12709
4,5,4,6,5,5,5,2,3,3,3,5,5,6,5,5,5,6,4,5,4,4,5,2,4,4,3,6,4,12709
3,2,5,3,5,3,3,4,4,5,4,3,2,3,2,4,4,5,3,5,3,3,4,4,4,5,4,3,3,12709
2,3,2,1,1,2,3,4,4,5,3,3,1,3,2,2,5,4,4,6,4,3,3,6,4,5,4,1,2,12709
4,6,5,6,5,3,3,6,6,4,4,5,2,5,6,4,6,6,3,6,5,3,4,4,5,7,4,4,5,12709
4,4,4,3,5,4,1,3,4,4,5,4,4,5,3,4,2,2,4,2,5,4,4,4,4,2,5,3,4,12709
6,5,3,5,4,6,4,3,2,3,4,4,4,5,5,5,6,6,5,3,2,2,5,2,3,5,3,6,5,12709
7,8,6,6,6,7,6,6,6,5,6,6,5,4,8,7,8,8,8,5,7,7,6,7,7,9,7,7,7,12709
2,6,6,4,5,1,5,6,4,5,4,5,1,3,6,4,5,5,4,8,4,4,3,7,4,4,4,4,3,12709
5,5,7,5,7,7,6,6,7,7,6,4,6,7,6,5,5,5,6,7,6,6,7,5,6,6,7,5,5,12709
6,6,4,6,4,6,6,5,6,4,4,5,4,5,7,6,8,6,7,6,4,3,5,8,5,6,5,6,6,12709
7,8,5,6,7,7,6,7,6,6,7,7,7,7,8,8,8,9,8,6,7,7,8,9,7,8,7,7,7,12709
4,3,3,2,5,4,2,2,4,5,3,4,2,4,3,3,4,4,5,4,5,5,4,4,4,3,4,5,4,12709
2,4,1,2,5,2,3,1,3,4,3,3,4,5,2,1,1,2,2,3,3,2,4,4,3,3,4,3,3,12709
2,2,2,2,2,3,3,2,4,5,4,3,4,4,1,2,3,2,3,2,3,3,5,4,4,5,2,1,3,12709
7,9,7,6,6,7,6,6,7,6,7,6,6,7,7,8,8,7,6,7,7,6,6,7,7,6,7,7,6,12709
1,3,1,2,3,2,3,4,4,4,4,3,2,4,3,2,4,5,2,3,3,3,5,4,4,5,2,1,2,12709
4,4,3,3,5,4,3,4,5,4,4,4,4,5,4,4,5,5,5,5,5,4,5,3,5,5,5,5,5,12709
9,8,8,10,8,8,8,9,9,8,8,8,9,7,10,8,5,8,9,7,8,8,9,9,9,8,7,8,8,12709
10,10,9,9,10,10,10,10,10,6,9,9,10,10,10,10,8,10,10,10,9,10,9,10,10,10,8,10,9,12709
5,3,5,4,3,5,6,4,5,6,5,4,3,3,4,5,4,3,5,2,5,5,4,5,4,2,5,5,4,12709
9,7,7,7,8,7,9,8,7,6,7,9,5,6,8,8,8,8,8,8,6,7,7,10,7,7,8,8,8,12709
